Player,team_name,Pos,Age,Min,Astper90,SCAper90,GCAper90,PassCmpper90,PassAttper90,PassProgper90,PassAccuracy,PercentProgPasses
Aaron Ramsey,Wales,AM,30-182,353,0.0,2.039660056657224,0.0,30.339943342776206,39.26345609065156,4.3342776203966,0.7727272727272727,0.11038961038961037
Adam Hložek,Czech Republic ,"LW,RW",18-328,80,0.0,1.125,0.0,18.0,28.125,5.625,0.64,0.2
Adama Traoré,Spain ,"RB,LW",25-149,14,0.0,0.0,0.0,90.0,102.85714285714285,0.0,0.8750000000000001,0.0
Admir Mehmedi,Switzerland ,"FW,LM,CB",30-104,40,0.0,0.0,0.0,45.0,56.25,2.25,0.8,0.04
Adrien Rabiot,France,"LB,WB",26-086,304,0.0,1.776315789473684,0.0,52.10526315789474,59.80263157894737,4.144736842105263,0.8712871287128713,0.0693069306930693
Albin Ekdal,Sweden ,DM,31-321,387,0.0,0.9302325581395349,0.0,27.67441860465116,31.627906976744185,1.6279069767441858,0.8749999999999999,0.051470588235294115
Aleksandar Dragović,Austria ,CB,30-107,338,0.0,0.7988165680473372,0.0,53.5207100591716,61.77514792899408,5.059171597633136,0.8663793103448276,0.08189655172413793
Aleksandar Trajkovski,North Macedonia,"LW,RW",28-289,174,0.0,3.6206896551724137,0.0,27.931034482758623,33.10344827586207,2.586206896551724,0.84375,0.078125
Aleksandr Golovin,Russia,"LW,LM",25-022,270,0.0,2.0,0.0,33.33333333333333,43.33333333333333,3.333333333333333,0.7692307692307692,0.07692307692307693
Aleksandr Sobolev,Russia,"FW,RW",24-106,36,0.0,7.5,2.5,27.500000000000004,35.0,5.0,0.7857142857142858,0.14285714285714285
Aleksei Miranchuk,Russia,RW,25-247,172,0.0,3.662790697674419,0.5232558139534884,24.069767441860463,30.872093023255815,4.709302325581396,0.7796610169491525,0.15254237288135594
Alessandro Bastoni,Italy,CB,22-068,90,0.0,3.0,0.0,78.0,83.0,4.0,0.9397590361445783,0.04819277108433735
Alessandro Florenzi,Italy ,RB,30-092,45,0.0,2.0,0.0,86.0,97.99999999999999,4.0,0.8775510204081634,0.04081632653061225
Alessandro Schöpf,Austria ,RW,27-134,90,0.0,4.0,0.0,38.0,44.0,1.0,0.8636363636363636,0.022727272727272728
Alex Král,Czech Republic ,CM,23-030,127,0.0,0.0,0.0,32.59842519685039,49.60629921259843,2.8346456692913384,0.657142857142857,0.057142857142857134
Alexander Isak,Sweden ,FW,21-266,321,0.5607476635514018,3.364485981308411,0.8411214953271028,14.299065420560746,19.345794392523363,2.5233644859813085,0.7391304347826086,0.13043478260869568
Andrea Belotti,Italy ,FW,27-194,154,0.0,3.5064935064935066,0.0,9.935064935064934,13.441558441558442,0.5844155844155845,0.7391304347826086,0.04347826086956522
Andreas Christensen,Denmark ,CB,25-072,440,0.0,0.40909090909090906,0.0,47.65909090909091,52.159090909090914,3.2727272727272725,0.9137254901960783,0.06274509803921567
Andreas Cornelius,Denmark ,"AM,FW",28-097,61,1.4754098360655739,5.901639344262295,1.4754098360655739,28.0327868852459,39.83606557377049,2.9508196721311477,0.7037037037037037,0.07407407407407408
Andreas Skov Olsen,Denmark,"CB,AM",21-170,35,0.0,5.142857142857142,0.0,43.714285714285715,48.857142857142854,2.571428571428571,0.8947368421052633,0.05263157894736842
Andreas Ulmer,Austria,WB,35-226,180,0.0,1.5,0.5,32.0,42.5,1.5,0.7529411764705882,0.03529411764705882
Andrei Semyonov,Russia ,CB,32-080,90,0.0,0.0,0.0,44.0,54.0,2.0,0.8148148148148148,0.037037037037037035
Andrej Kramarić,Croatia,FW,30-003,226,0.39823008849557523,2.3893805309734515,0.7964601769911505,21.902654867256636,24.69026548672566,0.39823008849557523,0.8870967741935485,0.01612903225806452
Andrew Robertson,Scotland ,WB,27-099,270,0.0,4.0,0.0,39.333333333333336,54.666666666666664,3.666666666666667,0.7195121951219513,0.06707317073170732
Andriy Yarmolenko,Ukraine ,RW,31-233,444,0.40540540540540543,2.22972972972973,0.6081081081081081,23.91891891891892,32.83783783783784,2.635135135135135,0.7283950617283951,0.08024691358024691
András Schäfer,Hungary,CM,22-067,228,0.0,2.763157894736842,0.39473684210526316,23.684210526315788,26.842105263157894,1.9736842105263157,0.8823529411764706,0.07352941176470588
André Silva,Portugal ,"FW,LW",25-233,39,0.0,6.923076923076923,0.0,23.076923076923073,27.692307692307693,0.0,0.8333333333333331,0.0
Ante Budimir,Croatia,CM,29-341,42,0.0,2.142857142857143,2.142857142857143,12.857142857142856,15.0,2.142857142857143,0.8571428571428571,0.14285714285714285
Ante Rebić,Croatia,LW,27-274,198,0.0,0.4545454545454546,0.0,10.0,19.09090909090909,0.9090909090909092,0.5238095238095238,0.04761904761904762
Antoine Griezmann,France,"AM,RM",30-099,353,0.0,4.589235127478753,0.509915014164306,38.75354107648725,48.186968838526916,5.09915014164306,0.8042328042328042,0.10582010582010581
Anton Shunin,Russia ,GK,34-136,90,0.0,0.0,0.0,16.0,28.0,0.0,0.5714285714285714,0.0
Antonio Rüdiger,Germany ,CB,28-118,360,0.0,0.0,0.0,69.0,73.5,4.25,0.9387755102040817,0.05782312925170068
Antonín Barák,Czech Republic,"AM,DM",26-212,183,0.0,4.426229508196721,0.4918032786885246,39.83606557377049,49.67213114754098,1.9672131147540983,0.801980198019802,0.039603960396039604
Arijan Ademi,North Macedonia,DM,30-023,251,0.0,1.0756972111553784,0.0,29.760956175298805,33.34661354581673,3.2270916334661357,0.89247311827957,0.09677419354838711
Artem Besyedin,Ukraine,LB,25-082,37,0.0,7.297297297297297,0.0,19.45945945945946,24.324324324324326,2.4324324324324325,0.7999999999999999,0.09999999999999999
Artem Dovbyk,Ukraine ,FW,24-008,15,0.0,6.0,0.0,24.0,30.0,0.0,0.8,0.0
Artem Dzyuba,Russia,FW,32-303,264,0.34090909090909094,3.068181818181818,0.34090909090909094,17.045454545454547,27.954545454545453,1.3636363636363638,0.6097560975609757,0.04878048780487806
Attila Fiola,Hungary,WB,31-122,264,0.0,0.0,0.0,21.136363636363637,31.022727272727273,1.3636363636363638,0.6813186813186813,0.04395604395604396
Attila Szalai,Hungary,CB,23-150,270,0.0,0.33333333333333337,0.0,32.66666666666667,42.66666666666667,1.3333333333333335,0.765625,0.03125
Axel Witsel,Belgium ,DM,32-156,302,0.0,1.490066225165563,0.2980132450331126,59.30463576158941,61.98675496688742,1.7880794701986755,0.9567307692307693,0.028846153846153848
Aymeric Laporte,Spain,CB,27-018,510,0.0,0.8823529411764706,0.1764705882352941,89.11764705882354,93.70588235294119,4.0588235294117645,0.951035781544256,0.04331450094161958
Bartosz Bereszyński,Poland ,CB,28-342,270,0.0,2.0,0.0,55.333333333333336,68.66666666666667,6.333333333333334,0.8058252427184466,0.09223300970873786
Ben Davies,Wales,LB,28-063,275,0.0,0.9818181818181819,0.0,28.145454545454548,38.945454545454545,2.290909090909091,0.7226890756302522,0.05882352941176471
Benjamin Pavard,France,"RB,WB",25-092,300,0.0,1.2000000000000002,0.0,51.0,59.400000000000006,4.5,0.8585858585858585,0.07575757575757575
Bernardo Silva,Portugal,RM,26-317,240,0.0,2.625,0.375,34.125,41.25,4.125,0.8272727272727273,0.1
Billy Gilmour,Scotland ,DM,20-007,75,0.0,0.0,0.0,48.0,55.199999999999996,1.2000000000000002,0.8695652173913044,0.021739130434782615
Boban Nikolov,North Macedonia,DM,26-328,120,0.0,2.25,0.0,21.0,27.75,1.5,0.7567567567567568,0.05405405405405406
Borna Barišić,Croatia,LB,28-224,21,0.0,4.285714285714286,0.0,51.42857142857142,64.28571428571429,0.0,0.7999999999999998,0.0
Breel Embolo,Switzerland,RW,24-138,365,0.0,2.712328767123288,0.24657534246575344,21.452054794520546,27.123287671232877,1.9726027397260275,0.7909090909090908,0.07272727272727274
Bruno Fernandes,Portugal,RM,26-288,206,0.0,3.495145631067961,0.4368932038834951,34.51456310679612,45.87378640776699,5.242718446601942,0.7523809523809524,0.11428571428571428
Bruno Petković,Croatia,FW,26-279,172,0.0,2.0930232558139537,0.5232558139534884,19.88372093023256,27.732558139534884,1.569767441860465,0.7169811320754718,0.056603773584905655
Bryan Cristante,Italy ,CM,26-121,67,0.0,1.3432835820895521,0.0,48.35820895522388,57.76119402985074,5.3731343283582085,0.8372093023255814,0.09302325581395349
Bukayo Saka,England ,RW,19-290,151,0.0,0.0,0.0,24.43708609271523,31.589403973509935,0.5960264900662252,0.7735849056603773,0.018867924528301886
Burak Yılmaz,Turkey,FW,35-331,270,0.0,2.666666666666667,0.0,14.666666666666668,20.0,0.6666666666666667,0.7333333333333334,0.03333333333333334
Callum McGregor,Scotland ,DM,28-004,204,0.0,1.3235294117647058,0.0,37.05882352941176,39.705882352941174,3.088235294117647,0.9333333333333333,0.07777777777777779
Cengiz Ünder,Turkey,LM,23-332,206,0.0,5.242718446601942,0.4368932038834951,24.02912621359223,31.45631067961165,3.058252427184466,0.7638888888888888,0.09722222222222222
Che Adams,Scotland ,FW,24-340,213,0.0,1.6901408450704225,0.0,17.746478873239436,21.971830985915492,1.6901408450704225,0.8076923076923077,0.07692307692307693
Chris Gunter,Wales ,CB,31-334,90,0.0,0.0,0.0,25.0,30.0,0.0,0.8333333333333334,0.0
Chris Mepham,Wales,CB,23-233,270,0.0,0.0,0.0,25.666666666666668,29.000000000000004,1.6666666666666665,0.8850574712643677,0.05747126436781608
Christian Benteke,Belgium ,FW,30-200,7,0.0,0.0,0.0,51.42857142857142,64.28571428571429,0.0,0.7999999999999998,0.0
Christian Eriksen,Denmark,CM,29-118,42,0.0,10.714285714285714,0.0,47.142857142857146,64.28571428571429,2.142857142857143,0.7333333333333333,0.033333333333333326
Christian Fassnacht,Switzerland,"LW,RW",27-233,73,0.0,2.4657534246575343,1.2328767123287672,9.863013698630137,23.424657534246574,0.0,0.4210526315789474,0.0
Christian Nørgaard,Denmark ,"AM,CM",27-103,112,0.0,2.4107142857142856,0.0,48.214285714285715,53.839285714285715,3.214285714285714,0.8955223880597015,0.059701492537313425
Christoph Baumgartner,Austria ,LW,21-324,246,0.0,1.4634146341463417,0.0,25.243902439024392,33.29268292682927,1.4634146341463417,0.7582417582417582,0.04395604395604396
Christopher Trimmel,Austria ,RB,34-122,7,0.0,0.0,0.0,12.857142857142856,12.857142857142856,12.857142857142856,1.0,1.0
Ciro Immobile,Italy ,FW,31-132,326,0.27607361963190186,2.208588957055215,0.27607361963190186,21.809815950920246,27.05521472392638,1.3803680981595092,0.8061224489795918,0.05102040816326531
Clément Lenglet,France,CB,26-011,45,0.0,0.0,0.0,78.0,82.0,10.0,0.9512195121951219,0.12195121951219512
Cody Gakpo,Netherlands ,DM,22-045,12,0.0,7.5,0.0,30.0,45.0,7.5,0.6666666666666666,0.16666666666666666
Connor Roberts,Wales,RB,25-276,309,0.0,2.330097087378641,0.29126213592233013,28.54368932038835,34.95145631067961,2.9126213592233006,0.8166666666666667,0.08333333333333333
Corentin Tolisso,France ,RW,26-324,82,0.0,1.0975609756097562,0.0,64.7560975609756,66.95121951219512,3.292682926829268,0.9672131147540982,0.04918032786885246
Cristiano Ronaldo,Portugal,FW,36-138,360,0.25,2.0,0.5,27.249999999999996,32.5,3.0,0.8384615384615384,0.09230769230769231
César Azpilicueta,Spain ,"RB,CB",31-308,316,0.0,1.7088607594936709,0.0,61.80379746835443,70.34810126582278,6.265822784810126,0.8785425101214576,0.08906882591093118
Daler Kuzyaev,Russia,"WB,DM",28-157,185,0.0,0.972972972972973,0.0,41.351351351351354,48.64864864864865,1.945945945945946,0.85,0.04
Daley Blind,Netherlands,CB,31-096,296,0.0,1.2162162162162162,0.0,84.52702702702702,93.9527027027027,13.682432432432433,0.8996763754045307,0.14563106796116507
Dani Olmo,Spain,LW,23-038,258,0.6976744186046512,4.186046511627907,0.6976744186046512,39.41860465116279,51.97674418604652,2.7906976744186047,0.7583892617449663,0.053691275167785234
Daniel Avramovski,North Macedonia ,DM,26-117,14,0.0,0.0,0.0,25.71428571428571,25.71428571428571,0.0,1.0,0.0
Daniel Bachmann,Austria ,GK,26-347,390,0.0,0.0,0.0,27.692307692307693,35.30769230769231,0.0,0.7843137254901962,0.0
Daniel James,Wales,"LW,RW",23-228,313,0.0,3.450479233226837,0.0,15.239616613418532,20.702875399361023,1.1501597444089455,0.7361111111111112,0.055555555555555546
Daniel O'Shaughnessy,Finland,CB,26-275,270,0.0,1.3333333333333335,0.0,38.333333333333336,50.33333333333333,1.6666666666666665,0.76158940397351,0.033112582781456956
Daniel Wass,Denmark ,WB,32-021,214,0.0,2.9439252336448596,0.0,54.25233644859813,67.71028037383178,6.308411214953271,0.8012422360248447,0.09316770186335403
Danilo Pereira,Portugal,DM,29-287,238,0.0,1.5126050420168067,0.7563025210084033,45.7563025210084,49.159663865546214,2.6470588235294117,0.9307692307692308,0.05384615384615385
Danny Ward,Wales,GK,28-004,360,0.0,0.0,0.0,19.5,31.25,0.0,0.624,0.0
Darko Churlinov,North Macedonia,"FW,LW,RW",20-345,80,0.0,3.375,0.0,13.5,18.0,0.0,0.75,0.0
Darko Velkovski,North Macedonia,CB,26-000,264,0.0,0.0,0.0,34.43181818181818,40.22727272727273,0.6818181818181819,0.8559322033898304,0.016949152542372885
David Alaba,Austria ,LB,28-362,390,0.46153846153846156,3.0,0.46153846153846156,63.46153846153847,77.07692307692307,6.6923076923076925,0.8233532934131739,0.08682634730538924
David Brooks,Wales,LW,23-353,34,0.0,2.6470588235294117,0.0,13.23529411764706,21.176470588235293,0.0,0.6250000000000001,0.0
David Marshall,Scotland ,GK,36-105,270,0.0,0.6666666666666667,0.0,22.666666666666664,38.333333333333336,0.0,0.5913043478260869,0.0
Declan Rice,England,DM,22-155,368,0.0,0.733695652173913,0.0,51.358695652173914,55.516304347826086,3.179347826086956,0.9251101321585904,0.057268722466960346
Dedryck Boyata,Belgium ,CB,30-205,180,0.0,1.0,0.0,84.5,85.5,1.5,0.9883040935672515,0.017543859649122806
Dejan Kulusevski,Sweden,FW,21-065,132,1.3636363636363638,4.090909090909091,2.0454545454545454,23.863636363636363,29.318181818181817,2.0454545454545454,0.813953488372093,0.06976744186046512
Dejan Lovren,Croatia,CB,31-352,180,0.0,0.0,0.0,50.0,57.0,2.0,0.8771929824561403,0.03508771929824561
Denis Cheryshev,Russia ,"LW,CM",30-168,33,0.0,2.7272727272727275,0.0,5.454545454545455,8.181818181818182,0.0,0.6666666666666667,0.0
Denis Zakaria,Switzerland,CM,24-224,125,0.0,0.0,0.0,15.84,20.16,2.16,0.7857142857142857,0.10714285714285715
Dennis Praet,Belgium,WB,27-049,31,0.0,0.0,0.0,23.225806451612904,26.12903225806452,0.0,0.8888888888888888,0.0
Denzel Dumfries,Netherlands,WB,25-056,315,0.0,1.7142857142857144,0.2857142857142857,27.142857142857142,36.857142857142854,3.428571428571429,0.7364341085271319,0.0930232558139535
Diogo Dalot,Portugal,RB,22-097,102,0.0,1.7647058823529411,0.0,59.11764705882353,68.8235294117647,4.411764705882353,0.8589743589743591,0.06410256410256411
Diogo Jota,Portugal,LM,24-201,321,0.2803738317757009,1.9626168224299065,0.2803738317757009,24.67289719626168,30.0,0.8411214953271028,0.8224299065420559,0.028037383177570093
Djibril Sow,Switzerland,AM,24-146,47,0.0,0.0,0.0,13.404255319148936,26.80851063829787,0.0,0.5,0.0
Dmitri Barinov,Russia ,CB,24-278,135,0.0,0.0,0.0,54.666666666666664,69.33333333333333,4.0,0.7884615384615384,0.057692307692307696
Domagoj Vida,Croatia,CB,32-054,390,0.0,0.0,0.0,37.84615384615385,40.38461538461539,0.6923076923076923,0.937142857142857,0.01714285714285714
Domenico Berardi,Italy ,LW,26-335,248,0.3629032258064516,3.266129032258065,0.3629032258064516,28.669354838709676,38.10483870967742,2.903225806451613,0.7523809523809523,0.07619047619047618
Dominic Calvert-Lewin,England,FW,24-089,19,0.0,0.0,0.0,9.473684210526315,14.210526315789473,0.0,0.6666666666666666,0.0
Dominik Livaković,Croatia,GK,26-164,390,0.0,0.0,0.0,22.846153846153847,30.461538461538463,0.0,0.75,0.0
Donyell Malen,Netherlands,FW,22-145,149,1.2080536912751678,3.624161073825503,1.2080536912751678,27.181208053691275,32.61744966442953,4.228187919463087,0.8333333333333334,0.12962962962962962
Dorukhan Toköz,Turkey ,DM,25-030,5,0.0,0.0,0.0,54.0,72.0,0.0,0.75,0.0
Dries Mertens,Belgium ,AM,34-042,181,0.49723756906077343,0.49723756906077343,0.0,14.419889502762432,23.867403314917127,1.9889502762430937,0.6041666666666667,0.08333333333333333
Duje Ćaleta-Car,Croatia ,CB,24-269,210,0.0,0.0,0.0,38.57142857142857,41.57142857142858,0.8571428571428572,0.9278350515463916,0.020618556701030927
Dylan Levitt,Wales ,DM,20-215,5,0.0,0.0,0.0,0.0,0.0,0.0,,
Dávid Hancko,Slovakia ,LB,23-187,7,0.0,12.857142857142856,0.0,102.85714285714285,128.57142857142858,12.857142857142856,0.7999999999999998,0.09999999999999998
Dávid Sigér,Hungary,CM,30-197,13,0.0,0.0,0.0,20.76923076923077,34.61538461538462,0.0,0.6,0.0
Eden Hazard,Belgium ,AM,30-161,227,0.39647577092511016,2.7753303964757707,0.39647577092511016,47.97356828193833,54.713656387665196,4.757709251101322,0.8768115942028986,0.08695652173913045
Eduard Sobol,Ukraine,AM,26-058,1,0.0,0.0,0.0,0.0,0.0,0.0,,
Egzon Bejtulai,North Macedonia ,"WB,CM",27-157,28,0.0,0.0,0.0,19.285714285714285,32.142857142857146,0.0,0.5999999999999999,0.0
Elif Elmas,North Macedonia,AM,21-270,270,0.0,0.6666666666666667,0.0,31.333333333333332,35.333333333333336,3.666666666666667,0.8867924528301886,0.10377358490566038
Emerson Palmieri,Italy ,LB,26-333,102,0.0,1.7647058823529411,0.0,43.23529411764706,45.0,1.7647058823529411,0.9607843137254902,0.0392156862745098
Emil Forsberg,Sweden ,LM,29-234,369,0.0,2.4390243902439024,0.24390243902439024,29.024390243902438,36.09756097560976,3.902439024390244,0.804054054054054,0.1081081081081081
Emil Krafth,Sweden ,RB,26-316,78,0.0,1.1538461538461537,0.0,19.615384615384617,33.46153846153846,0.0,0.5862068965517242,0.0
Emre Can,Germany ,CB,27-168,35,0.0,0.0,0.0,105.42857142857143,115.71428571428572,7.714285714285714,0.9111111111111111,0.06666666666666667
Endre Botka,Hungary,CB,26-298,270,0.0,0.33333333333333337,0.0,17.333333333333332,27.333333333333332,0.6666666666666667,0.6341463414634146,0.02439024390243903
Enis Bardhi,North Macedonia,DM,25-354,234,0.0,3.4615384615384617,0.0,36.53846153846154,45.38461538461539,3.076923076923077,0.8050847457627118,0.06779661016949153
Eric García,Spain ,CB,20-170,140,0.0,0.6428571428571428,0.0,95.78571428571429,100.28571428571429,6.428571428571428,0.9551282051282052,0.0641025641025641
Ethan Ampadu,Wales ,CB,20-279,73,0.0,1.2328767123287672,0.0,33.28767123287671,38.21917808219178,4.931506849315069,0.8709677419354839,0.12903225806451613
Ezgjan Alioski,North Macedonia,LB,29-129,270,0.0,2.666666666666667,0.33333333333333337,41.666666666666664,56.66666666666667,5.666666666666666,0.7352941176470588,0.09999999999999998
Fabian Schär,Switzerland,CM,29-194,191,0.0,0.0,0.0,52.303664921465966,60.31413612565446,2.827225130890052,0.8671874999999999,0.046874999999999986
Fabián Ruiz Peña,Spain,CM,25-072,71,0.0,3.8028169014084505,0.0,70.98591549295774,81.12676056338029,3.8028169014084505,0.8749999999999999,0.04687499999999999
Federico Bernardeschi,Italy ,RW,27-115,80,0.0,2.25,0.0,28.125,42.75,3.375,0.6578947368421053,0.07894736842105263
Federico Chiesa,Italy ,RW,23-250,248,0.0,3.629032258064516,0.3629032258064516,21.411290322580648,27.217741935483872,2.540322580645161,0.7866666666666667,0.09333333333333332
Ferhan Hasani,North Macedonia,"LW,RW",31-003,23,0.0,0.0,0.0,23.478260869565215,35.21739130434783,7.826086956521739,0.6666666666666665,0.2222222222222222
Ferrán Torres,Spain,"RW,FW",21-105,305,0.29508196721311475,1.7704918032786887,0.29508196721311475,28.918032786885245,37.47540983606557,2.360655737704918,0.7716535433070866,0.06299212598425197
Filip Helander,Sweden,"CB,DM",28-068,20,0.0,0.0,0.0,13.5,13.5,0.0,1.0,0.0
Florian Grillitsch,Austria ,CM,25-318,225,0.0,1.2000000000000002,0.0,58.4,67.6,5.2,0.8639053254437871,0.07692307692307693
Francesco Acerbi,Italy,CB,33-130,232,0.3879310344827586,3.8793103448275863,0.3879310344827586,62.06896551724138,65.17241379310344,5.431034482758621,0.9523809523809524,0.08333333333333334
Fredrik Jensen,Finland,CB,23-280,7,0.0,0.0,0.0,12.857142857142856,38.57142857142857,0.0,0.3333333333333333,0.0
Frenkie de Jong,Netherlands,DM,24-032,348,0.0,3.3620689655172415,0.0,61.55172413793103,69.82758620689656,4.655172413793103,0.8814814814814814,0.06666666666666667
Fyodor Kudryashov,Russia,"CB,LB",34-077,66,0.0,0.0,0.0,23.18181818181818,32.72727272727273,1.3636363636363638,0.7083333333333333,0.04166666666666667
Gaetano Castrovilli,Italy,CM,24-123,4,0.0,0.0,0.0,67.5,67.5,0.0,1.0,0.0
Gareth Bale,Wales,"RW,LW",31-345,355,0.5070422535211268,3.295774647887324,0.76056338028169,16.985915492957748,25.859154929577464,4.309859154929577,0.6568627450980393,0.16666666666666666
Georgi Dzhikiya,Russia,CB,27-212,270,0.0,0.33333333333333337,0.0,36.666666666666664,44.0,1.0,0.8333333333333333,0.022727272727272728
Georginio Wijnaldum,Netherlands,AM,30-214,360,0.0,1.25,0.0,27.0,31.25,3.75,0.864,0.12
Gerard Moreno,Spain,"FW,LW",29-068,226,0.7964601769911505,4.380530973451328,0.7964601769911505,30.66371681415929,40.2212389380531,4.380530973451328,0.7623762376237623,0.10891089108910892
Gergő Lovrencsics,Hungary,CM,32-291,100,0.0,0.9,0.0,25.200000000000003,38.7,1.8,0.6511627906976745,0.046511627906976744
Giacomo Raspadori,Italy,LW,21-122,16,0.0,11.25,0.0,22.5,33.75,0.0,0.6666666666666666,0.0
Gianluigi Donnarumma,Italy ,GK,22-127,478,0.0,0.18828451882845187,0.0,25.0418410041841,30.313807531380753,0.0,0.8260869565217391,0.0
Giorgio Chiellini,Italy ,CB,36-322,203,0.0,1.3300492610837438,0.0,54.97536945812808,59.85221674876847,3.103448275862069,0.9185185185185185,0.05185185185185186
Giovanni Di Lorenzo,Italy ,RB,27-332,345,0.0,1.3043478260869565,0.2608695652173913,49.56521739130435,56.608695652173914,4.173913043478261,0.8755760368663595,0.07373271889400922
Glen Kamara,Finland,CM,25-231,270,0.0,1.6666666666666665,0.0,47.33333333333333,53.0,3.0,0.8930817610062892,0.05660377358490566
Goran Pandev,North Macedonia,FW,37-329,248,0.0,1.4516129032258065,0.0,15.60483870967742,22.862903225806452,1.0887096774193548,0.6825396825396826,0.047619047619047616
Granit Xhaka,Switzerland ,DM,28-274,390,0.23076923076923078,3.6923076923076925,0.46153846153846156,65.76923076923076,72.6923076923077,6.6923076923076925,0.9047619047619047,0.09206349206349207
Grant Hanley,Scotland ,CB,29-210,212,0.0,0.8490566037735848,0.0,34.81132075471698,37.35849056603774,0.4245283018867924,0.9318181818181818,0.011363636363636362
Grzegorz Krychowiak,Poland,"DM,FW",31-136,138,0.0,1.3043478260869565,0.0,41.73913043478261,54.78260869565218,4.565217391304348,0.7619047619047619,0.08333333333333333
Gustav Svensson,Sweden,CM,34-131,3,0.0,0.0,0.0,0.0,0.0,0.0,,
Hakan Çalhanoğlu,Turkey,"LM,CM",27-123,265,0.33962264150943394,3.0566037735849054,0.33962264150943394,40.75471698113208,52.9811320754717,3.0566037735849054,0.7692307692307693,0.05769230769230769
Halil Dervişoğlu,Turkey,RM,21-185,31,0.0,0.0,0.0,11.612903225806452,20.32258064516129,2.903225806451613,0.5714285714285715,0.14285714285714288
Hans Vanaken,Belgium ,DM,28-301,1,0.0,0.0,0.0,180.0,180.0,0.0,1.0,0.0
Haris Seferović,Switzerland,FW,29-130,379,0.0,3.324538258575198,0.712401055408971,15.910290237467018,22.084432717678098,1.8997361477572559,0.7204301075268817,0.08602150537634409
Harry Kane,England,FW,27-325,406,0.0,1.5517241379310345,0.6650246305418719,15.073891625615763,22.83251231527094,1.3300492610837438,0.6601941747572815,0.05825242718446601
Harry Maguire,England ,CB,28-109,270,0.0,0.33333333333333337,0.0,64.66666666666667,69.66666666666666,4.666666666666667,0.9282296650717705,0.06698564593301437
Harry Wilson,Wales,DM,24-096,53,0.0,3.3962264150943393,0.0,25.471698113207548,28.867924528301884,1.6981132075471697,0.8823529411764707,0.058823529411764705
Heorhiy Bushchan,Ukraine ,GK,27-013,480,0.0,0.0,0.0,19.3125,27.1875,0.0,0.7103448275862069,0.0
Hugo Lloris,France,GK,34-184,390,0.0,0.0,0.0,20.076923076923077,24.923076923076923,0.0,0.8055555555555556,0.0
Igor Diveev,Russia,CB,21-267,225,0.0,0.4,0.0,38.0,47.2,3.2,0.8050847457627118,0.06779661016949153
Illia Zabarnyi,Ukraine ,CB,18-285,480,0.0,0.75,0.0,54.1875,58.875,1.3125,0.9203821656050956,0.022292993630573247
Ivan Perišić,Croatia,LW,32-140,260,0.34615384615384615,3.1153846153846154,0.34615384615384615,24.576923076923073,34.26923076923077,2.769230769230769,0.7171717171717171,0.08080808080808081
Ivan Tričkovski,North Macedonia,RW,34-064,70,0.0,1.2857142857142856,0.0,18.0,21.857142857142858,1.2857142857142856,0.8235294117647058,0.0588235294117647
Jack Grealish,England,LW,25-281,117,1.5384615384615385,3.076923076923077,2.3076923076923075,33.07692307692308,40.0,4.615384615384615,0.826923076923077,0.11538461538461538
Jack Hendry,Scotland,CB,26-038,66,0.0,2.7272727272727275,0.0,24.545454545454543,30.0,2.7272727272727275,0.8181818181818181,0.09090909090909091
Jadon Sancho,England ,RW,21-089,97,0.0,0.0,0.0,40.824742268041234,44.5360824742268,2.783505154639175,0.9166666666666666,0.0625
Jakub Brabec,Czech Republic,CB,28-331,26,0.0,0.0,0.0,58.84615384615385,65.76923076923076,0.0,0.8947368421052633,0.0
Jakub Hromada,Slovakia,CM,25-029,123,0.0,0.7317073170731708,0.0,21.95121951219512,27.804878048780488,0.0,0.7894736842105262,0.0
Jakub Jankto,Czech Republic,LM,25-165,246,0.0,4.024390243902439,0.0,29.268292682926827,39.14634146341463,2.5609756097560976,0.7476635514018692,0.06542056074766356
Jakub Moder,Poland ,"CM,DM",22-073,90,0.0,1.0,0.0,15.0,24.0,2.0,0.625,0.08333333333333333
Jakub Świerczok,Poland ,FW,28-177,30,0.0,3.0,3.0,18.0,18.0,0.0,1.0,0.0
Jamal Musiala,Germany ,LW,18-123,10,0.0,9.0,0.0,54.0,54.0,0.0,1.0,0.0
James Forrest,Scotland,WB,29-342,12,0.0,15.0,0.0,22.5,37.5,0.0,0.6,0.0
Jan Bednarek,Poland ,CB,25-068,264,0.0,1.3636363636363638,0.0,49.43181818181818,54.20454545454545,3.75,0.9119496855345912,0.06918238993710692
Jan Bořil,Czech Republic,LB,30-173,360,0.0,0.5,0.0,36.5,47.0,3.75,0.776595744680851,0.0797872340425532
Jan Vertonghen,Belgium ,CB,34-054,346,0.0,1.0404624277456647,0.0,73.35260115606937,80.37572254335261,3.9017341040462425,0.9126213592233009,0.04854368932038834
Jannik Vestergaard,Denmark ,CB,28-322,381,0.0,1.4173228346456692,0.23622047244094488,44.645669291338585,51.25984251968504,1.889763779527559,0.870967741935484,0.03686635944700461
Jason Denayer,Belgium ,CB,25-354,180,0.0,0.5,0.0,74.0,79.0,2.5,0.9367088607594937,0.03164556962025317
Jens Cajuste,Sweden ,DM,21-308,7,0.0,0.0,0.0,0.0,0.0,0.0,,
Jens Stryger Larsen,Denmark ,WB,30-120,222,0.40540540540540543,3.6486486486486487,0.40540540540540543,45.4054054054054,62.432432432432435,4.45945945945946,0.7272727272727272,0.07142857142857142
Jere Uronen,Finland,WB,26-338,249,0.36144578313253006,2.168674698795181,0.36144578313253006,29.63855421686747,37.2289156626506,3.6144578313253013,0.7961165048543689,0.09708737864077671
Jeremy Doku,Belgium,AM,19-036,165,0.0,3.2727272727272725,0.5454545454545454,26.18181818181818,32.72727272727273,1.6363636363636362,0.7999999999999999,0.049999999999999996
Joachim Andersen,Denmark ,CB,25-033,24,0.0,0.0,0.0,22.5,22.5,3.75,1.0,0.16666666666666666
Joakim Mæhle,Denmark ,WB,24-032,450,0.2,3.0,0.4,49.6,58.00000000000001,4.800000000000001,0.8551724137931034,0.08275862068965517
Joe Allen,Wales,DM,31-104,337,0.0,1.6023738872403561,0.26706231454005935,30.178041543026705,34.98516320474777,1.3353115727002969,0.8625954198473283,0.03816793893129772
Joe Morrell,Wales,DM,24-174,298,0.30201342281879195,1.5100671140939597,0.30201342281879195,32.013422818791945,36.54362416107383,3.624161073825503,0.8760330578512395,0.09917355371900824
Joe Rodon,Wales,CB,23-247,360,0.0,0.5,0.0,25.5,29.000000000000004,0.5,0.8793103448275861,0.017241379310344824
Joel Pohjanpalo,Finland,FW,26-276,242,0.0,0.743801652892562,0.0,11.900826446280991,18.96694214876033,0.743801652892562,0.6274509803921569,0.0392156862745098
John McGinn,Scotland ,AM,26-243,270,0.0,2.666666666666667,0.0,22.666666666666664,27.666666666666668,2.666666666666667,0.8192771084337348,0.0963855421686747
John Stones,England,CB,27-021,438,0.0,0.6164383561643836,0.0,66.16438356164383,69.04109589041096,2.054794520547945,0.9583333333333333,0.02976190476190476
Jonas Wind,Denmark,FW,22-125,62,0.0,2.903225806451613,0.0,18.870967741935484,18.870967741935484,2.903225806451613,1.0,0.15384615384615385
Joni Kauko,Finland,DM,30-339,60,0.0,1.5,0.0,36.0,46.50000000000001,3.0,0.7741935483870966,0.06451612903225805
Joona Toivio,Finland,CB,33-098,264,0.0,0.34090909090909094,0.0,30.68181818181818,38.18181818181818,1.7045454545454546,0.8035714285714286,0.044642857142857144
Jordan Henderson,England ,DM,31-005,82,0.0,0.0,0.0,73.53658536585365,82.31707317073172,4.390243902439025,0.8933333333333332,0.05333333333333333
Jordan Pickford,England,GK,27-103,450,0.0,0.2,0.0,23.6,34.6,0.0,0.6820809248554913,0.0
Jordi Alba,Spain,LB,32-085,434,0.2073732718894009,3.3179723502304146,0.2073732718894009,86.88940092165899,100.16129032258064,7.465437788018433,0.8674948240165632,0.07453416149068323
Jorginho,Italy ,DM,29-194,464,0.0,3.297413793103448,0.0,70.4094827586207,74.0948275862069,5.81896551724138,0.9502617801047121,0.07853403141361257
Joshua Kimmich,Germany ,WB,26-141,360,0.25,3.75,0.25,55.5,65.25,4.0,0.8505747126436781,0.06130268199233716
Josip Brekalo,Croatia,LW,22-360,113,0.0,2.3893805309734515,0.0,28.672566371681416,35.84070796460177,1.592920353982301,0.8,0.044444444444444446
Josip Juranović,Croatia,RB,25-310,163,0.0,1.1042944785276074,0.5521472392638037,41.963190184049076,50.24539877300614,3.3128834355828225,0.8351648351648351,0.06593406593406594
José Luis Gayà,Spain ,LB,26-034,76,0.0,1.1842105263157894,1.1842105263157894,54.473684210526315,59.21052631578948,1.1842105263157894,0.9199999999999999,0.019999999999999997
João Félix,Portugal ,"RW,CM",21-229,36,0.0,5.0,0.0,40.0,50.0,7.5,0.8,0.15
João Moutinho,Portugal,CM,34-288,154,0.0,5.259740259740259,1.168831168831169,57.27272727272727,64.87012987012987,3.5064935064935066,0.8828828828828829,0.05405405405405405
João Palhinha,Portugal,DM,25-349,122,0.0,0.0,0.0,36.14754098360656,40.57377049180328,4.426229508196721,0.890909090909091,0.10909090909090909
Joël Veltman,Netherlands,CB,29-149,3,0.0,0.0,0.0,210.0,240.0,60.0,0.875,0.25
Joško Gvardiol,Croatia,LB,19-150,369,0.0,1.951219512195122,0.0,42.4390243902439,50.97560975609756,3.902439024390244,0.832535885167464,0.07655502392344497
Jude Bellingham,England ,AM,17-358,58,0.0,0.0,0.0,27.931034482758623,34.137931034482754,0.0,0.8181818181818183,0.0
Jukka Raitala,Finland,WB,32-274,253,0.0,0.0,0.0,22.766798418972332,32.015810276679844,2.8458498023715415,0.711111111111111,0.08888888888888888
Jules Koundé,France ,RB,22-223,90,0.0,2.0,1.0,41.0,48.99999999999999,4.0,0.8367346938775512,0.0816326530612245
Julian Baumgartlinger,Austria,CM,33-162,1,0.0,0.0,0.0,180.0,180.0,0.0,1.0,0.0
Juraj Kucka,Slovakia,CM,34-117,270,0.0,0.33333333333333337,0.0,28.333333333333336,36.0,1.3333333333333335,0.7870370370370371,0.03703703703703704
Jurrien Timber,Netherlands,CB,19-361,142,0.0,0.6338028169014085,0.6338028169014085,65.28169014084507,69.08450704225352,7.605633802816901,0.944954128440367,0.11009174311926605
Ján Greguš,Slovakia ,FW,30-136,1,0.0,0.0,0.0,90.0,90.0,0.0,1.0,0.0
Kaan Ayhan,Turkey,CM,26-213,180,0.0,2.0,0.0,58.5,62.99999999999999,4.5,0.9285714285714287,0.07142857142857144
Kacper Kozłowski,Poland ,"LW,CM",17-246,54,0.0,0.0,0.0,25.0,30.0,1.6666666666666665,0.8333333333333334,0.05555555555555555
Kai Havertz,Germany ,RW,22-018,301,0.0,1.7940199335548173,0.29900332225913623,28.704318936877076,34.6843853820598,2.990033222591362,0.8275862068965517,0.08620689655172414
Kalvin Phillips,England,"CM,DM",25-198,424,0.2122641509433962,1.2735849056603774,0.4245283018867924,39.693396226415096,45.636792452830186,1.910377358490566,0.8697674418604652,0.04186046511627907
Kamil Glik,Poland ,CB,33-136,270,0.0,0.33333333333333337,0.0,40.0,47.0,3.0,0.851063829787234,0.06382978723404255
Kamil Jóźwiak,Poland ,WB,23-058,240,0.375,4.125,0.75,38.625,49.875,4.5,0.7744360902255639,0.09022556390977443
Karim Benzema,France,FW,33-191,346,0.0,1.5606936416184969,0.26011560693641617,31.47398843930636,36.15606936416185,2.341040462427746,0.8705035971223022,0.06474820143884892
Karim Onisiwo,Austria ,"FW,DM",29-092,7,0.0,0.0,0.0,12.857142857142856,12.857142857142856,0.0,1.0,0.0
Karol Linetty,Poland ,DM,26-137,79,0.0,3.4177215189873418,0.0,29.62025316455696,37.59493670886076,1.139240506329114,0.7878787878787878,0.030303030303030307
Karol Świderski,Poland ,"FW,RW",24-147,163,0.0,1.6564417177914113,0.0,10.490797546012269,17.66871165644172,0.5521472392638037,0.5937499999999999,0.03125
Kasper Dolberg,Denmark ,FW,23-258,158,0.0,0.569620253164557,0.0,15.949367088607595,22.21518987341772,0.0,0.717948717948718,0.0
Kasper Schmeichel,Denmark ,GK,34-228,450,0.0,0.2,0.0,16.400000000000002,24.400000000000002,0.0,0.6721311475409837,0.0
Kenan Karaman,Turkey,RM,27-098,160,0.0,0.5625,0.0,14.0625,23.062499999999996,0.0,0.6097560975609757,0.0
Kevin De Bruyne,Belgium ,AM,29-354,271,0.6642066420664207,5.977859778597786,0.9963099630996309,45.1660516605166,60.44280442804428,6.642066420664206,0.7472527472527472,0.10989010989010987
Kevin Mbabu,Switzerland,RB,26-074,216,0.41666666666666663,1.6666666666666665,0.41666666666666663,28.333333333333336,41.666666666666664,4.166666666666666,0.68,0.09999999999999999
Kevin Nisbet,Scotland ,FW,24-102,24,0.0,0.0,0.0,15.0,26.25,0.0,0.5714285714285714,0.0
Kevin Varga,Hungary ,FW,25-085,12,0.0,0.0,0.0,52.5,60.0,0.0,0.875,0.0
Kevin Volland,Germany ,WB,28-320,12,0.0,0.0,0.0,60.0,75.0,0.0,0.8,0.0
Kieffer Moore,Wales,FW,28-322,288,0.0,0.625,0.0,10.3125,16.875,0.625,0.6111111111111112,0.037037037037037035
Kieran Tierney,Scotland ,CB,24-013,180,0.0,1.0,0.0,35.0,44.0,2.0,0.7954545454545454,0.045454545454545456
Kieran Trippier,England,WB,30-283,206,0.0,2.1844660194174756,0.0,53.7378640776699,68.59223300970874,3.058252427184466,0.7834394904458598,0.0445859872611465
Kingsley Coman,France,LM,25-015,90,0.0,7.0,0.0,33.0,42.0,3.0,0.7857142857142857,0.07142857142857142
Kire Ristevski,North Macedonia ,DM,30-238,6,0.0,0.0,0.0,105.0,120.0,15.0,0.875,0.125
Koke,Spain,CM,29-157,408,0.0,2.867647058823529,0.0,75.66176470588235,86.69117647058823,7.279411764705883,0.8727735368956743,0.08396946564885498
Konrad Laimer,Austria ,"LW,RW",24-025,333,0.2702702702702703,1.0810810810810811,0.0,22.16216216216216,30.270270270270274,2.7027027027027026,0.732142857142857,0.08928571428571427
Kristoffer Olsson,Sweden ,DM,25-349,336,0.0,0.26785714285714285,0.0,35.892857142857146,40.714285714285715,4.821428571428571,0.8815789473684211,0.11842105263157894
Kyle Walker,England ,RB,31-025,360,0.0,0.25,0.0,56.0,64.25,1.25,0.8715953307392996,0.019455252918287938
Kylian Mbappé,France,FW,22-190,390,0.23076923076923078,3.4615384615384617,0.6923076923076923,20.307692307692307,25.846153846153843,2.076923076923077,0.7857142857142858,0.08035714285714288
Lassi Lappalainen,Finland,FW,22-296,16,0.0,0.0,0.0,16.875,28.125,0.0,0.6,0.0
Leander Dendoncker,Belgium ,DM,26-063,149,0.0,0.0,0.0,47.11409395973155,54.36241610738255,0.0,0.8666666666666667,0.0
Leandro Trossard,Belgium ,WB,26-199,74,0.0,2.4324324324324325,0.0,57.16216216216216,66.89189189189189,9.72972972972973,0.8545454545454546,0.14545454545454548
Leo Väisänen,Finland ,WB,23-324,1,0.0,0.0,0.0,0.0,90.0,0.0,0.0,0.0
Leon Goretzka,Germany ,DM,26-143,141,0.0,1.2765957446808511,0.0,42.12765957446808,45.95744680851063,4.468085106382979,0.9166666666666667,0.09722222222222225
Leonardo Bonucci,Italy ,CB,34-062,435,0.0,0.41379310344827586,0.0,54.827586206896555,60.827586206896555,3.310344827586207,0.9013605442176871,0.05442176870748299
Leonardo Spinazzola,Italy ,LB,28-099,378,0.47619047619047616,4.0476190476190474,0.47619047619047616,44.523809523809526,51.42857142857142,3.571428571428571,0.8657407407407408,0.06944444444444445
Leroy Sané,Germany ,WB,25-169,114,0.0,2.3684210526315788,0.0,41.05263157894736,50.526315789473685,3.1578947368421053,0.8124999999999999,0.0625
Liam Cooper,Scotland,CB,29-288,90,0.0,1.0,0.0,62.99999999999999,77.0,3.0,0.8181818181818181,0.03896103896103896
Lorenzo Insigne,Italy ,LW,30-028,333,0.0,6.216216216216216,0.2702702702702703,52.16216216216217,66.21621621621621,6.216216216216216,0.7877551020408164,0.09387755102040816
Loris Benito,Switzerland,WB,29-164,6,0.0,0.0,0.0,45.0,90.0,0.0,0.5,0.0
Louis Schaub,Austria ,DM,26-179,15,6.0,12.0,12.0,30.0,36.0,12.0,0.8333333333333334,0.3333333333333333
Loïc Nego,Hungary,WB,30-155,206,0.0,1.7475728155339805,0.4368932038834951,22.281553398058254,27.52427184466019,2.1844660194174756,0.8095238095238096,0.07936507936507937
Lucas Digne,France ,LB,27-338,96,0.0,2.8125,0.0,58.125,69.375,2.8125,0.8378378378378378,0.04054054054054054
Lucas Hernández,France ,LB,25-129,135,0.0,0.0,0.0,46.666666666666664,53.33333333333333,2.666666666666667,0.875,0.05000000000000001
Ludwig Augustinsson,Sweden ,LB,27-054,349,0.0,0.25787965616045844,0.0,20.888252148997136,33.00859598853868,1.8051575931232093,0.6328125000000001,0.05468750000000001
Luka Ivanušec,Croatia,RW,22-208,67,0.0,0.0,0.0,25.52238805970149,33.582089552238806,1.3432835820895521,0.76,0.039999999999999994
Luka Modrić,Croatia,CM,35-286,383,0.2349869451697128,1.8798955613577024,0.2349869451697128,58.7467362924282,68.38120104438643,4.699738903394255,0.8591065292096219,0.06872852233676975
Luke Shaw,England,LB,25-341,334,0.8083832335329341,2.694610778443114,1.0778443113772456,52.81437125748503,62.51497005988024,3.772455089820359,0.8448275862068965,0.06034482758620689
Lukáš Haraslín,Slovakia,RW,25-028,180,0.0,1.5,0.0,15.0,19.0,0.0,0.7894736842105263,0.0
Lukáš Hrádecký,Finland,GK,31-204,270,0.0,0.6666666666666667,0.0,21.666666666666664,38.333333333333336,0.0,0.5652173913043478,0.0
Lukáš Masopust,Czech Republic,RW,28-141,319,0.0,3.103448275862069,0.0,24.82758620689655,31.316614420062695,1.4106583072100312,0.7927927927927928,0.04504504504504504
Luuk de Jong,Netherlands,FW,30-290,12,0.0,0.0,0.0,67.5,105.0,7.5,0.6428571428571429,0.07142857142857142
Lyndon Dykes,Scotland ,FW,25-254,258,0.0,1.3953488372093024,0.0,8.372093023255815,18.13953488372093,1.0465116279069768,0.46153846153846156,0.057692307692307696
László Bénes,Slovakia,AM,23-287,15,0.0,6.0,0.0,78.0,90.0,0.0,0.8666666666666667,0.0
László Kleinheisler,Hungary,CM,27-072,247,0.0,1.0931174089068827,0.0,15.668016194331985,21.497975708502025,0.3643724696356275,0.728813559322034,0.01694915254237288
Maarten Stekelenburg,Netherlands,GK,38-264,360,0.0,0.25,0.0,23.5,35.25,0.0,0.6666666666666666,0.0
Maciej Rybus,Poland,WB,31-299,73,1.2328767123287672,4.931506849315069,1.2328767123287672,44.38356164383561,55.47945205479452,3.698630136986301,0.7999999999999999,0.06666666666666667
Magomed Ozdoyev,Russia,DM,28-228,210,0.0,1.7142857142857144,0.0,31.285714285714285,41.57142857142858,2.571428571428571,0.7525773195876287,0.06185567010309277
Maksim Mukhin,Russia,DM,19-229,58,0.0,0.0,0.0,20.17241379310345,29.482758620689655,4.655172413793103,0.6842105263157895,0.15789473684210525
Manuel Akanji,Switzerland,CB,25-348,510,0.0,1.0588235294117647,0.0,46.05882352941176,50.64705882352941,3.176470588235294,0.9094076655052263,0.0627177700348432
Manuel Locatelli,Italy ,CM,23-154,212,0.0,2.547169811320755,0.4245283018867924,47.97169811320755,53.490566037735846,4.669811320754717,0.896825396825397,0.08730158730158731
Manuel Neuer,Germany ,GK,35-094,360,0.0,0.0,0.0,30.0,35.25,0.0,0.851063829787234,0.0
Marcel Halstenberg,Germany ,WB,29-265,28,0.0,3.214285714285714,0.0,28.92857142857143,35.357142857142854,0.0,0.8181818181818183,0.0
Marcel Sabitzer,Austria ,AM,27-096,390,0.23076923076923078,3.2307692307692304,0.46153846153846156,47.30769230769231,55.38461538461539,4.615384615384615,0.8541666666666666,0.08333333333333333
Marcelo Brozović,Croatia,DM,28-218,283,0.0,0.9540636042402828,0.0,60.74204946996467,67.42049469964664,2.5441696113074204,0.9009433962264153,0.03773584905660377
Marco Verratti,Italy ,CM,28-239,229,0.7860262008733624,8.646288209606986,1.1790393013100435,102.96943231441048,108.07860262008734,6.681222707423581,0.9527272727272728,0.06181818181818182
Marcos Llorente,Spain,RB,26-135,211,0.0,3.4123222748815167,0.0,91.70616113744076,101.51658767772513,9.38388625592417,0.903361344537815,0.09243697478991594
Marcus Berg,Sweden ,FW,34-301,178,0.0,1.5168539325842696,0.5056179775280899,12.640449438202248,21.235955056179776,1.5168539325842696,0.5952380952380952,0.07142857142857142
Marcus Danielsson,Sweden ,CB,32-067,368,0.0,0.0,0.0,31.793478260869566,36.92934782608695,3.6684782608695654,0.8609271523178809,0.09933774834437087
Marcus Forss,Finland,FW,22-003,8,0.0,0.0,0.0,11.25,22.5,0.0,0.5,0.0
Marcus Rashford,England,FW,23-230,87,0.0,0.0,0.0,33.10344827586207,39.310344827586206,2.0689655172413794,0.8421052631578948,0.052631578947368425
Marcus Thuram,France,LM,23-326,10,0.0,9.0,0.0,18.0,27.0,0.0,0.6666666666666666,0.0
Marek Hamšík,Slovakia,AM,33-331,255,0.3529411764705882,1.7647058823529411,0.3529411764705882,44.82352941176471,53.294117647058826,3.5294117647058822,0.8410596026490067,0.0662251655629139
Mario Gavranović,Switzerland,FW,31-220,155,0.0,2.3225806451612905,0.5806451612903226,13.354838709677418,18.0,0.5806451612903226,0.7419354838709676,0.03225806451612903
Mario Pašalić,Croatia ,CM,26-124,48,0.0,5.625,1.875,45.0,46.875,7.5,0.96,0.16
Marko Arnautović,Austria ,FW,32-063,217,0.0,3.3179723502304146,0.0,19.078341013824886,27.788018433179722,1.2442396313364057,0.6865671641791046,0.04477611940298508
Marlos,Ukraine ,LW,33-006,74,0.0,1.2162162162162162,0.0,30.405405405405403,37.7027027027027,1.2162162162162162,0.8064516129032258,0.03225806451612903
Marten de Roon,Netherlands,DM,30-076,235,0.0,1.5319148936170213,0.3829787234042553,48.638297872340424,58.59574468085107,1.5319148936170213,0.8300653594771241,0.0261437908496732
Martin Braithwaite,Denmark ,AM,30-016,444,0.0,2.635135135135135,0.20270270270270271,25.54054054054054,32.83783783783784,2.22972972972973,0.7777777777777778,0.06790123456790123
Martin Dúbravka,Slovakia,GK,32-159,270,0.0,0.0,0.0,26.666666666666664,40.0,0.33333333333333337,0.6666666666666666,0.008333333333333335
Martin Hinteregger,Austria ,CB,28-287,390,0.0,0.23076923076923078,0.0,49.61538461538462,58.61538461538462,3.4615384615384617,0.8464566929133859,0.05905511811023622
Martin Koscelník,Slovakia ,"RW,RB",26-108,102,0.0,0.0,0.0,29.117647058823533,37.05882352941176,1.7647058823529411,0.7857142857142859,0.04761904761904762
Mason Mount,England,"CM,AM",22-159,270,0.0,2.666666666666667,0.33333333333333337,34.333333333333336,41.0,2.666666666666667,0.8373983739837398,0.06504065040650407
Mateo Kovačić,Croatia,CM,27-047,338,0.2662721893491124,1.8639053254437872,0.2662721893491124,51.65680473372782,57.781065088757394,4.5266272189349115,0.8940092165898619,0.0783410138248848
Mateusz Klich,Poland ,CM,31-006,210,0.0,2.142857142857143,0.8571428571428572,35.57142857142857,51.42857142857142,1.7142857142857144,0.6916666666666667,0.03333333333333334
Mathias Jensen,Denmark ,DM,25-171,113,0.7964601769911505,7.168141592920354,0.7964601769911505,67.69911504424778,90.0,7.168141592920354,0.7522123893805308,0.07964601769911504
Mats Hummels,Germany ,CB,32-195,332,0.27108433734939763,1.355421686746988,0.27108433734939763,80.51204819277109,85.66265060240964,5.692771084337349,0.939873417721519,0.06645569620253164
Matteo Pessina,Italy,CM,24-060,145,0.0,1.8620689655172413,0.6206896551724138,22.344827586206897,29.172413793103445,2.4827586206896552,0.7659574468085107,0.08510638297872342
Matthias Ginter,Germany ,CB,27-161,344,0.0,1.3081395348837208,0.0,68.80813953488372,78.75,5.232558139534883,0.8737541528239203,0.06644518272425248
Matthijs de Ligt,Netherlands,"CB,AM,DM",21-319,231,0.0,0.38961038961038963,0.0,46.75324675324675,49.87012987012987,1.948051948051948,0.9374999999999999,0.0390625
Matvei Safonov,Russia,GK,22-116,180,0.0,0.0,0.0,18.5,25.999999999999996,0.0,0.7115384615384617,0.0
Matěj Vydra,Czech Republic,FW,29-063,38,0.0,2.3684210526315788,0.0,18.94736842105263,28.421052631578945,0.0,0.6666666666666666,0.0
Memphis Depay,Netherlands,FW,27-120,325,0.5538461538461539,4.153846153846154,1.1076923076923078,34.33846153846154,49.01538461538461,5.2615384615384615,0.7005649717514124,0.10734463276836159
Merih Demiral,Turkey,CB,23-098,225,0.0,1.2000000000000002,0.0,49.199999999999996,55.199999999999996,1.2000000000000002,0.8913043478260869,0.021739130434782615
Mert Müldür,Turkey,LB,22-074,109,0.0,5.779816513761468,0.0,37.98165137614679,48.715596330275226,5.779816513761468,0.7796610169491527,0.11864406779661019
Michael Gregoritsch,Austria,FW,27-056,109,0.0,0.8256880733944955,0.0,18.990825688073397,22.293577981651378,1.651376146788991,0.8518518518518519,0.07407407407407407
Michal Krmenčík,Czech Republic,FW,28-110,67,0.0,2.6865671641791042,0.0,12.08955223880597,17.46268656716418,1.3432835820895521,0.6923076923076923,0.07692307692307691
Michal Sadílek,Czech Republic ,AM,22-027,1,0.0,0.0,0.0,90.0,90.0,0.0,1.0,0.0
Michal Ďuriš,Slovakia,FW,33-022,56,0.0,0.0,0.0,20.892857142857142,20.892857142857142,0.0,1.0,0.0
Michy Batshuayi,Belgium ,AM,27-262,15,0.0,0.0,0.0,66.0,72.0,0.0,0.9166666666666666,0.0
Mikael Lustig,Sweden ,RB,34-183,313,0.0,0.5750798722044728,0.0,35.07987220447284,48.594249201277954,4.313099041533546,0.7218934911242604,0.08875739644970414
Mikel Oyarzabal,Spain,"LW,FW",24-054,98,0.0,11.938775510204083,0.0,53.265306122448976,63.36734693877551,6.428571428571428,0.8405797101449275,0.10144927536231883
Mikkel Damsgaard,Denmark ,AM,20-353,259,0.3474903474903475,3.1274131274131274,0.3474903474903475,27.45173745173745,37.181467181467184,4.517374517374517,0.7383177570093458,0.12149532710280371
Milan Ristovski,North Macedonia ,FW,23-066,5,0.0,0.0,0.0,0.0,0.0,0.0,,
Milan Škriniar,Slovakia,CB,26-132,270,0.0,0.0,0.0,50.0,55.00000000000001,0.33333333333333337,0.909090909090909,0.006060606060606061
Mislav Oršić,Croatia,LW,28-181,54,1.6666666666666665,5.0,1.6666666666666665,13.333333333333332,25.0,3.333333333333333,0.5333333333333333,0.13333333333333333
Moussa Sissoko,France,RM,31-316,37,0.0,4.864864864864865,0.0,36.48648648648649,46.21621621621621,0.0,0.7894736842105265,0.0
Mykola Matviyenko,Ukraine ,CB,25-042,480,0.0,0.1875,0.1875,65.625,71.0625,5.25,0.9234828496042217,0.07387862796833773
Mykola Shaparenko,Ukraine ,LW,22-252,321,0.0,1.9626168224299065,0.0,56.63551401869159,62.80373831775701,3.08411214953271,0.9017857142857143,0.04910714285714285
Mário Fernandes,Russia,"WB,RB",30-275,205,0.0,0.8780487804878049,0.0,25.90243902439024,33.36585365853659,3.073170731707317,0.7763157894736841,0.09210526315789473
N'Golo Kanté,France,DM,30-091,390,0.0,1.3846153846153846,0.0,53.53846153846154,58.38461538461539,3.6923076923076925,0.9169960474308301,0.06324110671936758
Nacer Chadli,Belgium,WB,31-334,94,0.0,1.9148936170212765,0.9574468085106382,57.4468085106383,67.02127659574468,1.9148936170212765,0.8571428571428572,0.02857142857142857
Nathan Aké,Netherlands,CB,26-115,54,1.6666666666666665,1.6666666666666665,1.6666666666666665,53.33333333333333,58.333333333333336,0.0,0.9142857142857141,0.0
Nathan Patterson,Scotland ,"RB,WB",19-249,7,0.0,0.0,0.0,115.71428571428572,141.42857142857142,0.0,0.8181818181818183,0.0
Neco Williams,Wales,RB,20-074,137,0.0,1.313868613138686,0.0,40.07299270072993,48.613138686131386,3.9416058394160585,0.8243243243243243,0.08108108108108109
Nemanja Nikolić,Hungary,FW,33-170,68,0.0,0.0,0.0,14.558823529411766,18.52941176470588,0.0,0.7857142857142859,0.0
Nico Elvedi,Switzerland,CB,24-275,510,0.0,0.0,0.0,38.11764705882353,42.35294117647059,1.2352941176470589,0.9,0.029166666666666667
Nicolai Boilesen,Denmark ,WB,29-130,14,0.0,6.428571428571428,6.428571428571428,25.71428571428571,32.142857142857146,0.0,0.7999999999999998,0.0
Nicolò Barella,Italy ,CM,24-145,332,0.27108433734939763,2.9819277108433737,1.0843373493975905,43.10240963855422,50.69277108433735,6.234939759036145,0.8502673796791445,0.12299465240641712
Niklas Süle,Germany ,"CB,DM",25-289,18,0.0,0.0,0.0,35.0,35.0,0.0,1.0,0.0
Nikola Vlašić,Croatia,RW,23-261,203,0.0,2.6600985221674875,0.0,21.2807881773399,24.82758620689655,1.7733990147783252,0.8571428571428571,0.07142857142857142
Nikolai Alho,Finland,WB,28-101,21,0.0,0.0,0.0,17.142857142857142,30.0,0.0,0.5714285714285714,0.0
Nélson Semedo,Portugal,RB,27-219,258,0.0,1.744186046511628,0.3488372093023256,49.18604651162791,58.95348837209303,5.5813953488372094,0.8343195266272189,0.09467455621301775
Okay Yokuşlu,Turkey,DM,27-094,136,0.0,0.0,0.0,41.69117647058824,46.3235294117647,0.0,0.9000000000000001,0.0
Oleksandr Karavayev,Ukraine ,RB,29-011,480,0.1875,2.625,0.375,45.375,54.375,3.1875,0.8344827586206897,0.05862068965517241
Oleksandr Zinchenko,Ukraine ,CM,24-180,480,0.1875,1.875,0.5625,45.375,54.93750000000001,3.1875,0.8259385665529009,0.058020477815699655
Oleksandr Zubkov,Ukraine ,LW,24-314,12,0.0,0.0,0.0,30.0,30.0,0.0,1.0,0.0
Olivier Giroud,France,FW,34-271,42,0.0,2.142857142857143,0.0,15.0,23.571428571428573,2.142857142857143,0.6363636363636364,0.0909090909090909
Ondrej Duda,Slovakia,FW,26-200,224,0.0,2.8125,0.0,28.52678571428571,35.357142857142854,2.0089285714285716,0.8068181818181818,0.05681818181818183
Ondřej Čelůstka,Czech Republic,CB,32-015,424,0.0,0.0,0.0,31.62735849056604,37.35849056603774,1.6981132075471697,0.8465909090909091,0.04545454545454545
Orkun Kökçü,Turkey ,AM,20-173,11,0.0,16.363636363636363,0.0,49.090909090909086,57.27272727272727,8.181818181818182,0.8571428571428571,0.14285714285714285
Ousmane Dembélé,France,CM,24-031,31,0.0,5.806451612903226,0.0,17.419354838709676,31.935483870967744,2.903225806451613,0.5454545454545454,0.09090909090909091
Owen Wijndal,Netherlands,WB,21-197,53,0.0,1.6981132075471697,1.6981132075471697,33.9622641509434,44.15094339622642,1.6981132075471697,0.7692307692307693,0.03846153846153846
Ozan Tufan,Turkey,CM,26-080,171,0.0,1.0526315789473684,0.0,38.94736842105263,42.63157894736842,4.7368421052631575,0.9135802469135803,0.1111111111111111
Pablo Sarabia,Spain,RW,29-034,253,0.3557312252964427,2.8458498023715415,0.3557312252964427,41.26482213438735,54.07114624505929,3.5573122529644268,0.7631578947368421,0.06578947368421052
Patrick van Aanholt,Netherlands,WB,30-288,297,0.0,1.8181818181818183,0.0,42.42424242424243,53.939393939393945,3.0303030303030303,0.7865168539325843,0.05617977528089887
Patrik Hrošovský,Slovakia ,CM,29-057,95,0.0,0.0,0.0,44.526315789473685,50.21052631578947,0.9473684210526315,0.8867924528301887,0.018867924528301886
Patrik Schick,Czech Republic,FW,25-160,400,0.0,1.125,0.225,16.2,22.5,0.9,0.72,0.04
Pau Torres,Spain,CB,24-149,362,0.24861878453038672,1.2430939226519337,0.24861878453038672,97.20994475138122,103.42541436464089,4.723756906077348,0.9399038461538461,0.04567307692307692
Paul Pogba,France,DM,28-105,375,0.24,4.08,0.24,58.8,68.64,4.800000000000001,0.8566433566433566,0.06993006993006994
Paulus Arajuuri,Finland,CB,33-001,270,0.0,0.0,0.0,26.666666666666664,28.0,1.6666666666666665,0.9523809523809523,0.05952380952380952
Pavel Kadeřábek,Czech Republic ,LB,29-063,90,0.0,2.0,0.0,38.0,48.99999999999999,2.0,0.7755102040816327,0.04081632653061225
Paweł Dawidowicz,Poland ,CB,26-030,6,0.0,0.0,0.0,15.0,30.0,0.0,0.5,0.0
Pedri,Spain,CM,18-201,508,0.0,4.429133858267717,0.8858267716535433,65.19685039370079,71.75196850393701,6.909448818897638,0.908641975308642,0.0962962962962963
Pepe,Portugal,CB,38-117,360,0.0,0.75,0.0,62.0,69.25,4.25,0.8953068592057761,0.061371841155234655
Peter Pekarík,Slovakia,RB,34-236,232,0.0,1.1637931034482758,0.0,52.75862068965517,60.51724137931035,1.5517241379310345,0.8717948717948717,0.02564102564102564
Petr Ševčík,Czech Republic,"LW,RM",27-060,228,0.0,3.552631578947368,0.39473684210526316,32.36842105263158,42.63157894736842,1.9736842105263157,0.7592592592592594,0.0462962962962963
Phil Foden,England,RW,21-021,132,0.0,0.6818181818181819,0.0,30.68181818181818,36.13636363636363,0.0,0.8490566037735849,0.0
Philipp Lienhart,Austria,CB,24-337,52,0.0,0.0,0.0,64.03846153846155,70.96153846153845,3.4615384615384617,0.9024390243902441,0.04878048780487806
Pierre Bengtsson,Sweden ,LM,33-063,48,0.0,0.0,0.0,16.875,31.875,1.875,0.5294117647058824,0.058823529411764705
Pierre Højbjerg,Denmark ,DM,25-320,450,0.6000000000000001,4.0,0.6000000000000001,57.0,66.39999999999999,7.2,0.8584337349397592,0.10843373493975905
Piotr Zieliński,Poland ,DM,27-030,264,0.34090909090909094,3.75,0.34090909090909094,34.09090909090909,46.02272727272727,2.3863636363636362,0.7407407407407408,0.05185185185185185
Presnel Kimpembe,France,CB,25-319,390,0.0,0.46153846153846156,0.0,60.0,63.69230769230769,3.0,0.9420289855072463,0.04710144927536232
Przemysław Frankowski,Poland ,RW,26-068,85,1.0588235294117647,7.411764705882353,1.0588235294117647,43.411764705882355,51.882352941176464,3.176470588235294,0.8367346938775512,0.06122448979591837
Przemysław Płacheta,Poland ,DM,23-092,13,0.0,6.923076923076923,0.0,34.61538461538462,83.07692307692308,6.923076923076923,0.4166666666666667,0.08333333333333333
Pyry Soiri,Finland,WB,26-267,16,0.0,0.0,0.0,61.875,67.5,11.25,0.9166666666666666,0.16666666666666666
Péter Gulácsi,Hungary,GK,31-044,270,0.0,0.33333333333333337,0.0,27.0,34.0,0.0,0.7941176470588235,0.0
Quincy Promes,Netherlands,"LW,FW,WB",29-174,59,0.0,0.0,0.0,47.288135593220346,62.54237288135594,0.0,0.7560975609756098,0.0
Rafa Silva,Portugal ,RW,28-029,53,3.3962264150943393,5.09433962264151,3.3962264150943393,49.24528301886792,56.0377358490566,11.88679245283019,0.8787878787878788,0.21212121212121213
Rafael Tolói,Italy ,RW,30-265,112,0.8035714285714285,4.017857142857143,0.8035714285714285,52.23214285714286,59.464285714285715,6.428571428571428,0.8783783783783784,0.1081081081081081
Raheem Sterling,England,"LW,RW",26-192,399,0.22556390977443608,2.2556390977443606,0.6766917293233082,25.037593984962406,30.902255639097742,2.481203007518797,0.8102189781021898,0.08029197080291971
Raphaël Guerreiro,Portugal,LB,27-183,360,0.0,2.25,0.0,61.25,68.75,4.25,0.8909090909090909,0.06181818181818182
Raphaël Varane,France,CB,28-064,390,0.0,0.9230769230769231,0.0,60.230769230769226,64.38461538461539,3.923076923076923,0.9354838709677419,0.06093189964157705
Rasmus Schüller,Finland,DM,29-363,113,0.0,0.7964601769911505,0.0,32.65486725663717,41.415929203539825,0.0,0.7884615384615384,0.0
Reece James,England,RB,21-192,90,0.0,2.0,0.0,86.0,88.0,11.0,0.9772727272727273,0.125
Remo Freuler,Switzerland,CM,29-078,459,0.19607843137254904,1.7647058823529411,0.19607843137254904,43.92156862745098,48.8235294117647,3.7254901960784315,0.8995983935742973,0.07630522088353414
Renato Sanches,Portugal,CM,23-309,219,0.0,3.287671232876712,0.821917808219178,73.15068493150685,79.72602739726027,5.7534246575342465,0.9175257731958764,0.07216494845360825
Ricardo Rodríguez,Switzerland,LB,28-311,476,0.0,2.26890756302521,0.0,42.542016806722685,52.94117647058824,4.915966386554622,0.8035714285714285,0.09285714285714286
Rifat Zhemaletdinov,Russia,"RM,DM",24-274,60,0.0,0.0,0.0,22.5,28.5,1.5,0.7894736842105263,0.05263157894736842
Robert Lewandowski,Poland ,FW,32-302,270,0.0,1.6666666666666665,0.0,15.333333333333332,22.666666666666664,1.3333333333333335,0.6764705882352942,0.05882352941176472
Robin Gosens,Germany ,WB,26-359,317,0.28391167192429023,1.9873817034700316,0.28391167192429023,45.14195583596214,53.943217665615144,2.839116719242902,0.8368421052631578,0.05263157894736841
Robin Lod,Finland,CM,28-060,269,0.0,1.6728624535315986,0.0,27.769516728624534,34.46096654275093,2.6765799256505574,0.8058252427184466,0.07766990291262135
Robin Olsen,Sweden ,GK,31-157,390,0.0,0.0,0.0,12.461538461538462,28.615384615384613,0.0,0.435483870967742,0.0
Robin Quaison,Sweden ,FW,27-248,127,0.0,1.4173228346456692,0.7086614173228346,5.669291338582677,10.62992125984252,0.0,0.5333333333333333,0.0
Rodri,Spain,DM,24-357,176,0.0,1.534090909090909,0.0,70.56818181818181,76.19318181818181,3.5795454545454546,0.9261744966442953,0.04697986577181208
Roland Sallai,Hungary,FW,24-028,240,0.375,2.625,1.125,12.375000000000002,18.0,1.125,0.6875000000000001,0.0625
Roland Varga,Hungary,DM,31-143,3,0.0,0.0,0.0,30.0,90.0,0.0,0.3333333333333333,0.0
Roman Bezus,Ukraine ,CM,30-276,4,0.0,0.0,0.0,22.5,22.5,0.0,1.0,0.0
Roman Yaremchuk,Ukraine ,FW,25-198,429,0.2097902097902098,1.4685314685314685,0.2097902097902098,20.34965034965035,24.125874125874127,1.4685314685314685,0.8434782608695652,0.0608695652173913
Roman Zobnin,Russia,DM,27-130,242,0.0,0.371900826446281,0.0,31.611570247933884,40.90909090909091,1.487603305785124,0.7727272727272727,0.03636363636363636
Romelu Lukaku,Belgium ,FW,28-035,443,0.0,1.2189616252821671,0.20316027088036115,10.36117381489842,15.846501128668171,1.2189616252821671,0.6538461538461539,0.07692307692307693
Ruben Vargas,Switzerland,"RW,LW",22-331,170,0.0,2.1176470588235294,0.0,23.823529411764707,31.235294117647058,1.588235294117647,0.7627118644067797,0.05084745762711864
Rui Patrício,Portugal,GK,33-128,360,0.0,0.0,0.0,20.75,25.5,0.0,0.8137254901960784,0.0
Ruslan Malinovskyi,Ukraine ,CM,28-040,284,0.31690140845070425,5.387323943661971,0.6338028169014085,31.69014084507042,39.61267605633803,5.387323943661971,0.7999999999999998,0.13599999999999998
Ryan Christie,Scotland,FW,26-112,45,0.0,2.0,0.0,18.0,22.0,4.0,0.8181818181818182,0.18181818181818182
Ryan Fraser,Scotland ,CM,27-118,45,0.0,4.0,0.0,30.0,44.0,2.0,0.6818181818181818,0.045454545454545456
Ryan Gravenberch,Netherlands ,DM,19-036,107,0.0,1.6822429906542056,0.0,71.49532710280374,79.90654205607477,10.093457943925234,0.8947368421052632,0.12631578947368421
Róbert Mak,Slovakia,LW,30-107,230,0.0,1.565217391304348,0.391304347826087,20.347826086956523,25.43478260869565,1.565217391304348,0.8000000000000002,0.06153846153846155
Rúben Dias,Portugal,CB,24-040,360,0.0,0.25,0.0,71.5,76.75,3.0,0.9315960912052117,0.03908794788273615
Rúben Neves,Portugal,CM,24-102,19,0.0,0.0,0.0,42.63157894736842,42.63157894736842,0.0,1.0,0.0
Salvatore Sirigu,Italy,GK,34-159,2,0.0,0.0,0.0,45.0,45.0,0.0,1.0,0.0
Sasa Kalajdzic,Austria ,FW,23-349,112,0.0,1.607142857142857,0.0,25.71428571428571,31.33928571428571,3.214285714285714,0.8205128205128205,0.10256410256410256
Scott McKenna,Scotland ,CB,24-222,58,0.0,0.0,0.0,21.724137931034484,26.379310344827584,1.5517241379310345,0.823529411764706,0.05882352941176471
Scott McTominay,Scotland ,CB,24-192,270,0.0,0.33333333333333337,0.0,35.0,40.0,4.0,0.875,0.1
Seb Larsson,Sweden ,RM,36-008,366,0.0,1.4754098360655739,0.2459016393442623,24.590163934426233,34.18032786885246,3.1967213114754096,0.7194244604316548,0.09352517985611511
Serge Gnabry,Germany ,FW,25-350,249,0.0,1.8072289156626506,0.0,22.771084337349397,28.91566265060241,0.0,0.7875,0.0
Sergio Busquets,Spain ,DM,32-351,291,0.0,3.0927835051546393,0.0,69.58762886597938,76.70103092783505,7.422680412371134,0.9072580645161291,0.09677419354838711
Serhiy Kryvtsov,Ukraine,CB,30-110,154,0.0,0.0,0.0,56.68831168831169,59.02597402597403,0.5844155844155845,0.9603960396039604,0.009900990099009901
Serhiy Sydorchuk,Ukraine ,DM,30-042,372,0.0,0.4838709677419355,0.0,39.91935483870968,46.20967741935484,1.6935483870967742,0.8638743455497383,0.03664921465968586
Silvan Widmer,Switzerland,RB,28-119,294,0.0,0.6122448979591837,0.0,39.183673469387756,48.36734693877551,2.7551020408163263,0.810126582278481,0.05696202531645569
Simon Kjær,Denmark ,CB,32-087,408,0.0,0.4411764705882353,0.0,39.044117647058826,44.33823529411765,1.9852941176470589,0.8805970149253731,0.04477611940298507
Stanislav Lobotka,Slovakia,CM,26-210,45,0.0,0.0,0.0,44.0,46.0,0.0,0.9565217391304348,0.0
Stefan Ilsanker,Austria ,CM,32-034,27,0.0,0.0,0.0,43.33333333333333,50.0,3.333333333333333,0.8666666666666666,0.06666666666666667
Stefan Lainer,Austria ,RB,28-298,383,0.0,0.4699738903394256,0.0,41.12271540469974,54.04699738903394,3.289817232375979,0.7608695652173914,0.06086956521739131
Stefan Ristovski,North Macedonia,RB,29-129,270,0.0,1.0,0.0,41.666666666666664,54.333333333333336,3.0,0.7668711656441717,0.05521472392638037
Stefan Spirovski,North Macedonia ,DM,30-298,45,0.0,0.0,0.0,22.0,25.999999999999996,2.0,0.8461538461538463,0.07692307692307693
Stefan de Vrij,Netherlands,CB,29-128,315,0.0,0.5714285714285714,0.0,46.85714285714286,50.57142857142857,2.571428571428571,0.9265536723163843,0.05084745762711864
Stephen O'Donnell,Scotland ,WB,29-038,251,0.0,2.151394422310757,0.0,26.892430278884465,39.08366533864542,2.8685258964143427,0.6880733944954129,0.07339449541284404
Steven Berghuis,Netherlands,"LB,FW",29-190,55,0.0,4.909090909090909,1.6363636363636362,36.0,60.54545454545455,8.181818181818182,0.5945945945945946,0.13513513513513514
Steven Zuber,Switzerland,LW,29-319,284,1.267605633802817,2.852112676056338,1.267605633802817,30.739436619718308,39.61267605633803,2.2183098591549295,0.7759999999999999,0.055999999999999994
Stole Dimitrievski,North Macedonia,GK,27-178,270,0.0,0.33333333333333337,0.0,24.666666666666668,32.66666666666667,0.0,0.7551020408163265,0.0
Stuart Armstrong,Scotland ,DM,29-080,150,0.0,3.6,0.0,28.8,36.0,5.3999999999999995,0.8,0.15
Szabolcs Schön,Hungary ,FW,20-269,30,0.0,0.0,0.0,15.0,18.0,0.0,0.8333333333333334,0.0
Sérgio Oliveira,Portugal,CM,29-021,16,0.0,0.0,0.0,101.25,140.625,11.25,0.72,0.08
Tamás Cseri,Hungary,CM,33-155,16,0.0,0.0,0.0,5.625,5.625,0.0,1.0,0.0
Taras Stepanenko,Ukraine ,DM,31-325,184,0.0,0.4891304347826087,0.0,38.641304347826086,47.934782608695656,1.9565217391304348,0.8061224489795917,0.04081632653061224
Teemu Pukki,Finland,FW,31-079,238,0.0,2.6470588235294117,0.37815126050420167,11.34453781512605,15.504201680672269,1.134453781512605,0.7317073170731706,0.07317073170731707
Thiago Alcántara,Spain,DM,30-064,53,0.0,3.3962264150943393,0.0,110.37735849056604,130.75471698113208,10.18867924528302,0.8441558441558441,0.07792207792207792
Thibaut Courtois,Belgium ,GK,29-037,450,0.0,0.0,0.0,28.0,34.2,0.0,0.8187134502923976,0.0
Thomas Delaney,Denmark ,DM,29-291,370,0.0,1.945945945945946,0.24324324324324326,41.108108108108105,50.83783783783784,3.4054054054054057,0.8086124401913874,0.06698564593301436
Thomas Lemar,France ,"LW,RW",25-219,4,0.0,22.5,0.0,135.0,157.5,0.0,0.8571428571428571,0.0
Thomas Meunier,Belgium ,WB,29-278,329,0.547112462006079,1.3677811550151977,0.547112462006079,45.95744680851063,60.45592705167173,4.376899696048632,0.7601809954751131,0.07239819004524886
Thomas Müller,Germany ,LW,31-289,292,0.0,3.3904109589041096,0.3082191780821918,34.82876712328767,45.92465753424658,4.623287671232877,0.7583892617449663,0.10067114093959731
Thomas Vermaelen,Belgium ,WB,35-215,285,0.0,0.631578947368421,0.0,54.31578947368421,57.1578947368421,2.210526315789474,0.9502762430939228,0.038674033149171276
Thorgan Hazard,Belgium ,WB,28-080,358,0.0,1.005586592178771,0.25139664804469275,62.59776536312849,71.14525139664805,2.76536312849162,0.8798586572438162,0.03886925795053003
Tihomir Kostadinov,North Macedonia,"RW,FW,DM",25-109,50,0.0,1.8,0.0,25.200000000000003,32.4,1.8,0.7777777777777779,0.05555555555555556
Tim Sparv,Finland,DM,34-121,133,0.0,0.0,0.0,40.6015037593985,46.01503759398496,0.6766917293233082,0.8823529411764707,0.014705882352941178
Timo Werner,Germany ,FW,25-115,108,0.0,0.8333333333333333,0.8333333333333333,21.666666666666664,28.333333333333336,0.8333333333333333,0.764705882352941,0.02941176470588235
Timothy Castagne,Belgium,WB,25-189,26,0.0,0.0,0.0,34.61538461538462,38.07692307692307,6.923076923076923,0.9090909090909093,0.18181818181818185
Toby Alderweireld,Belgium ,CB,32-107,360,0.0,0.25,0.25,66.5,76.25,2.5,0.8721311475409836,0.03278688524590164
Tomáš Holeš,Czech Republic,CM,28-094,298,0.30201342281879195,2.1140939597315436,0.6040268456375839,26.879194630872483,33.8255033557047,3.0201342281879193,0.7946428571428572,0.08928571428571429
Tomáš Hubočan,Slovakia,LB,35-279,263,0.0,1.7110266159695817,0.0,36.61596958174905,44.14448669201521,5.133079847908745,0.8294573643410853,0.11627906976744187
Tomáš Kalas,Czech Republic,CB,28-049,450,0.4,0.4,0.2,32.800000000000004,38.2,2.0,0.8586387434554974,0.05235602094240837
Tomáš Pekhart,Czech Republic,FW,32-027,16,0.0,0.0,0.0,5.625,22.5,0.0,0.25,0.0
Tomáš Souček,Czech Republic,"CM,DM",26-126,450,0.0,1.2000000000000002,0.0,35.0,43.800000000000004,2.0,0.7990867579908675,0.045662100456621
Tomáš Suslov,Slovakia,RW,19-016,26,0.0,0.0,0.0,17.30769230769231,17.30769230769231,0.0,1.0,0.0
Tomáš Vaclík,Czech Republic,GK,32-096,450,0.0,0.0,0.0,17.8,30.400000000000002,0.0,0.5855263157894737,0.0
Toni Kroos,Germany ,DM,31-176,360,0.0,3.0,0.0,87.75,97.25,13.25,0.9023136246786633,0.13624678663239073
Tyler Roberts,Wales,FW,22-165,13,0.0,0.0,0.0,34.61538461538462,34.61538461538462,0.0,1.0,0.0
Tymoteusz Puchacz,Poland ,WB,22-147,152,0.0,0.0,0.0,18.94736842105263,34.3421052631579,1.776315789473684,0.5517241379310344,0.051724137931034475
Tyrone Mings,England,CB,28-097,192,0.0,0.46875,0.0,53.90625,59.0625,0.46875,0.9126984126984127,0.007936507936507936
Umut Meraş,Turkey,LB,25-173,161,0.0,1.6770186335403727,0.0,34.099378881987576,40.24844720496895,6.708074534161491,0.8472222222222221,0.16666666666666666
Unai Simón,Spain,GK,24-003,510,0.0,0.1764705882352941,0.0,27.705882352941178,29.47058823529412,0.0,0.9401197604790419,0.0
Uğurcan Çakır,Turkey,GK,25-067,270,0.0,0.33333333333333337,0.0,23.333333333333332,34.333333333333336,0.0,0.6796116504854368,0.0
Valentino Lazaro,Austria ,"FW,RM",25-085,21,0.0,8.571428571428571,0.0,60.0,64.28571428571429,4.285714285714286,0.9333333333333332,0.06666666666666665
Victor Lindelöf,Sweden ,CB,26-332,390,0.0,0.6923076923076923,0.0,43.84615384615385,49.61538461538462,2.5384615384615383,0.883720930232558,0.05116279069767441
Viktor Claesson,Sweden ,FW,29-163,86,0.0,0.0,0.0,13.604651162790697,21.97674418604651,3.13953488372093,0.6190476190476191,0.14285714285714285
Viktor Tsyhankov,Ukraine,LW,23-218,142,0.0,2.535211267605634,0.0,36.76056338028169,48.16901408450704,3.8028169014084505,0.7631578947368421,0.07894736842105263
Visar Musliu,North Macedonia,CB,26-220,265,0.0,1.0188679245283019,0.0,33.62264150943396,37.35849056603774,1.3584905660377358,0.8999999999999999,0.03636363636363636
Vitaliy Mykolenko,Ukraine ,LB,22-015,354,0.0,0.7627118644067796,0.0,45.2542372881356,53.898305084745765,2.288135593220339,0.839622641509434,0.04245283018867924
Vladimír Coufal,Czech Republic,RB,28-315,450,0.2,2.4000000000000004,0.6000000000000001,47.0,65.2,6.8,0.7208588957055214,0.10429447852760736
Vladimír Darida,Czech Republic,RM,30-329,247,0.0,1.0931174089068827,0.3643724696356275,33.88663967611336,45.54655870445344,4.7368421052631575,0.7440000000000001,0.104
Vladimír Weiss,Slovakia,LW,31-205,36,0.0,0.0,0.0,45.0,55.00000000000001,5.0,0.8181818181818181,0.0909090909090909
Vlatko Stojanovski,North Macedonia,"DM,FW",24-059,13,0.0,6.923076923076923,0.0,13.846153846153847,13.846153846153847,0.0,1.0,0.0
Vyacheslav Karavayev,Russia,LB,26-032,137,0.0,1.313868613138686,0.656934306569343,29.562043795620436,43.35766423357664,1.313868613138686,0.6818181818181818,0.0303030303030303
Willi Orban,Hungary,CB,28-228,270,0.0,0.0,0.0,25.0,29.333333333333336,0.6666666666666667,0.8522727272727272,0.022727272727272728
William Carvalho,Portugal ,CM,29-069,137,0.0,0.656934306569343,0.0,53.868613138686136,60.43795620437956,3.9416058394160585,0.891304347826087,0.06521739130434782
Wojciech Szczęsny,Poland ,GK,31-062,270,0.0,0.0,0.0,12.999999999999998,22.0,0.0,0.5909090909090908,0.0
Wout Weghorst,Netherlands,FW,28-310,193,0.0,1.8652849740932642,0.0,16.787564766839377,24.71502590673575,0.46632124352331605,0.6792452830188679,0.018867924528301886
Xaver Schlager,Austria ,"CM,LW",23-266,367,0.0,1.7166212534059946,0.0,31.14441416893733,38.25613079019074,4.168937329700272,0.8141025641025641,0.10897435897435896
Xherdan Shaqiri,Switzerland,AM,29-265,366,0.2459016393442623,3.4426229508196724,0.2459016393442623,29.508196721311474,40.81967213114754,3.4426229508196724,0.7228915662650602,0.08433734939759037
Yann Sommer,Switzerland,GK,32-197,510,0.0,0.1764705882352941,0.0,24.176470588235293,31.235294117647058,0.0,0.7740112994350282,0.0
Yannick Carrasco,Belgium ,AM,27-286,138,0.0,3.2608695652173916,0.6521739130434783,24.1304347826087,31.304347826086957,1.9565217391304348,0.7708333333333334,0.0625
Yevhen Makarenko,Ukraine,DM,30-043,53,0.0,5.09433962264151,0.0,78.11320754716981,83.20754716981132,5.09433962264151,0.9387755102040816,0.06122448979591837
Youri Tielemans,Belgium ,DM,24-041,338,0.0,1.0650887573964496,0.2662721893491124,48.46153846153846,56.71597633136095,3.7278106508875744,0.8544600938967135,0.06572769953051644
Yuri Zhirkov,Russia ,LB,37-296,42,0.0,0.0,0.0,30.0,38.57142857142857,6.428571428571428,0.7777777777777778,0.16666666666666666
Yussuf Poulsen,Denmark ,FW,27-006,241,0.0,2.987551867219917,0.0,19.419087136929463,27.261410788381742,0.7468879668049793,0.7123287671232877,0.027397260273972605
Yusuf Yazıcı,Turkey,CM,24-133,117,0.0,6.153846153846154,0.0,41.53846153846154,46.153846153846146,4.615384615384615,0.9000000000000001,0.1
Zeki Çelik,Turkey,RB,24-114,270,0.0,1.3333333333333335,0.0,44.333333333333336,54.333333333333336,1.6666666666666665,0.8159509202453988,0.030674846625766868
Ádám Nagy,Hungary,DM,26-002,267,0.0,1.348314606741573,0.0,30.337078651685392,36.067415730337075,1.348314606741573,0.8411214953271029,0.03738317757009346
Ádám Szalai,Hungary,FW,33-192,196,0.9183673469387754,1.3775510204081631,0.4591836734693877,8.26530612244898,14.23469387755102,1.3775510204081631,0.5806451612903226,0.0967741935483871
Álvaro Morata,Spain,FW,28-234,390,0.0,2.5384615384615383,0.23076923076923078,24.923076923076923,28.84615384615385,1.6153846153846152,0.8639999999999999,0.05599999999999999
Çağlar Söyüncü,Turkey,CB,25-019,270,0.0,0.6666666666666667,0.0,54.0,58.333333333333336,3.333333333333333,0.9257142857142857,0.057142857142857134
İlkay Gündoğan,Germany ,DM,30-234,219,0.0,1.2328767123287672,0.0,70.68493150684931,75.20547945205479,3.698630136986301,0.9398907103825137,0.04918032786885246
İrfan Kahveci,Turkey,DM,25-331,113,0.0,3.982300884955752,0.0,43.008849557522126,53.362831858407084,1.592920353982301,0.8059701492537313,0.029850746268656716
Ľubomír Šatka,Slovakia,CB,25-203,270,0.0,0.6666666666666667,0.0,60.0,62.99999999999999,0.33333333333333337,0.9523809523809524,0.0052910052910052924
Šime Vrsaljko,Croatia,RB,29-159,180,0.0,1.5,0.0,45.0,59.0,2.0,0.7627118644067796,0.03389830508474576
