Player,team_name,PTTBper90,PTPressper90,PTSwper90
Aaron Ramsey,Wales,0.0,7.393767705382437,2.8045325779036827
Adam Hložek,Czech Republic ,0.0,3.375,1.125
Adama Traoré,Spain ,0.0,19.285714285714285,12.857142857142856
Admir Mehmedi,Switzerland ,0.0,15.749999999999998,2.25
Adrien Rabiot,France,0.0,12.138157894736842,0.5921052631578947
Albin Ekdal,Sweden ,0.46511627906976744,5.5813953488372094,0.6976744186046512
Aleksandar Dragović,Austria ,0.2662721893491124,8.254437869822485,2.396449704142012
Aleksandar Trajkovski,North Macedonia,0.0,11.896551724137932,1.5517241379310345
Aleksandr Golovin,Russia,0.33333333333333337,8.0,1.6666666666666665
Aleksandr Sobolev,Russia,0.0,17.5,0.0
Aleksei Miranchuk,Russia,0.5232558139534884,6.8023255813953485,1.569767441860465
Alessandro Bastoni,Italy,0.0,6.0,3.0
Alessandro Florenzi,Italy ,0.0,6.0,6.0
Alessandro Schöpf,Austria ,0.0,9.0,0.0
Alex Král,Czech Republic ,0.0,15.590551181102361,0.7086614173228346
Alexander Isak,Sweden ,0.2803738317757009,9.813084112149532,0.0
Andrea Belotti,Italy ,0.0,6.428571428571428,0.0
Andreas Christensen,Denmark ,0.0,5.931818181818182,0.6136363636363636
Andreas Cornelius,Denmark ,0.0,14.754098360655737,1.4754098360655739
Andreas Skov Olsen,Denmark,0.0,12.857142857142856,0.0
Andreas Ulmer,Austria,0.0,11.5,1.5
Andrei Semyonov,Russia ,0.0,0.0,1.0
Andrej Kramarić,Croatia,0.0,3.584070796460177,0.0
Andrew Robertson,Scotland ,0.0,8.0,3.666666666666667
Andriy Yarmolenko,Ukraine ,0.20270270270270271,8.513513513513514,0.6081081081081081
András Schäfer,Hungary,0.0,5.921052631578947,0.0
André Silva,Portugal ,0.0,9.23076923076923,0.0
Ante Budimir,Croatia,0.0,4.285714285714286,0.0
Ante Rebić,Croatia,0.0,7.272727272727273,0.0
Antoine Griezmann,France,0.509915014164306,8.413597733711049,3.059490084985836
Anton Shunin,Russia ,0.0,0.0,0.0
Antonio Rüdiger,Germany ,0.0,5.0,1.0
Antonín Barák,Czech Republic,0.0,6.885245901639345,2.9508196721311477
Arijan Ademi,North Macedonia,0.0,7.529880478087649,0.7171314741035857
Artem Besyedin,Ukraine,0.0,4.864864864864865,2.4324324324324325
Artem Dovbyk,Ukraine ,0.0,6.0,0.0
Artem Dzyuba,Russia,0.0,12.954545454545455,0.34090909090909094
Attila Fiola,Hungary,0.0,2.0454545454545454,0.0
Attila Szalai,Hungary,0.0,4.666666666666667,3.0
Axel Witsel,Belgium ,0.0,6.258278145695364,2.384105960264901
Aymeric Laporte,Spain,0.1764705882352941,3.3529411764705883,3.0
Bartosz Bereszyński,Poland ,0.0,7.666666666666666,1.3333333333333335
Ben Davies,Wales,0.0,6.872727272727273,0.9818181818181819
Benjamin Pavard,France,0.0,2.6999999999999997,0.0
Bernardo Silva,Portugal,0.0,9.375,1.5
Billy Gilmour,Scotland ,0.0,12.0,3.6
Boban Nikolov,North Macedonia,0.0,4.5,0.0
Borna Barišić,Croatia,0.0,12.857142857142856,0.0
Breel Embolo,Switzerland,0.0,9.36986301369863,0.4931506849315069
Bruno Fernandes,Portugal,0.8737864077669902,8.300970873786408,3.058252427184466
Bruno Petković,Croatia,0.0,10.988372093023255,0.0
Bryan Cristante,Italy ,0.0,8.059701492537313,1.3432835820895521
Bukayo Saka,England ,0.0,2.980132450331126,0.5960264900662252
Burak Yılmaz,Turkey,0.0,4.666666666666667,0.0
Callum McGregor,Scotland ,0.0,10.588235294117647,0.4411764705882353
Cengiz Ünder,Turkey,0.0,8.737864077669903,4.368932038834951
Che Adams,Scotland ,0.0,6.338028169014085,1.6901408450704225
Chris Gunter,Wales ,0.0,5.0,0.0
Chris Mepham,Wales,0.0,2.666666666666667,0.33333333333333337
Christian Benteke,Belgium ,0.0,12.857142857142856,0.0
Christian Eriksen,Denmark,0.0,12.857142857142856,6.428571428571428
Christian Fassnacht,Switzerland,0.0,7.397260273972602,1.2328767123287672
Christian Nørgaard,Denmark ,0.0,7.232142857142858,0.8035714285714285
Christoph Baumgartner,Austria ,0.0,12.439024390243903,0.3658536585365854
Christopher Trimmel,Austria ,0.0,0.0,0.0
Ciro Immobile,Italy ,0.27607361963190186,9.386503067484663,0.27607361963190186
Clément Lenglet,France,0.0,6.0,0.0
Cody Gakpo,Netherlands ,0.0,22.5,0.0
Connor Roberts,Wales,0.0,4.951456310679611,0.8737864077669902
Corentin Tolisso,France ,0.0,6.585365853658536,3.292682926829268
Cristiano Ronaldo,Portugal,0.0,10.25,0.5
César Azpilicueta,Spain ,0.0,7.40506329113924,0.8544303797468354
Daler Kuzyaev,Russia,0.0,7.783783783783784,0.972972972972973
Daley Blind,Netherlands,0.30405405405405406,4.864864864864865,0.9121621621621622
Dani Olmo,Spain,0.0,6.976744186046512,1.3953488372093024
Daniel Avramovski,North Macedonia ,0.0,12.857142857142856,0.0
Daniel Bachmann,Austria ,0.0,4.384615384615385,1.3846153846153846
Daniel James,Wales,0.0,4.313099041533546,2.300319488817891
Daniel O'Shaughnessy,Finland,0.0,5.666666666666666,2.666666666666667
Daniel Wass,Denmark ,0.0,11.355140186915886,1.6822429906542056
Danilo Pereira,Portugal,0.0,8.69747899159664,3.0252100840336134
Danny Ward,Wales,0.0,0.25,0.5
Darko Churlinov,North Macedonia,0.0,7.874999999999999,0.0
Darko Velkovski,North Macedonia,0.0,5.113636363636363,2.3863636363636362
David Alaba,Austria ,0.0,11.307692307692307,3.6923076923076925
David Brooks,Wales,0.0,2.6470588235294117,2.6470588235294117
David Marshall,Scotland ,0.0,2.666666666666667,2.0
Declan Rice,England,0.0,5.869565217391304,0.9782608695652174
Dedryck Boyata,Belgium ,0.0,3.5,1.5
Dejan Kulusevski,Sweden,0.0,8.863636363636363,0.0
Dejan Lovren,Croatia,0.0,4.5,1.0
Denis Cheryshev,Russia ,0.0,0.0,0.0
Denis Zakaria,Switzerland,0.0,2.88,0.0
Dennis Praet,Belgium,0.0,0.0,0.0
Denzel Dumfries,Netherlands,0.0,4.571428571428571,0.8571428571428572
Diogo Dalot,Portugal,0.0,7.9411764705882355,2.6470588235294117
Diogo Jota,Portugal,0.0,6.16822429906542,0.8411214953271028
Djibril Sow,Switzerland,0.0,7.659574468085106,0.0
Dmitri Barinov,Russia ,0.0,8.0,3.333333333333333
Domagoj Vida,Croatia,0.0,2.769230769230769,0.23076923076923078
Domenico Berardi,Italy ,0.3629032258064516,8.346774193548388,1.4516129032258065
Dominic Calvert-Lewin,England,0.0,4.7368421052631575,0.0
Dominik Livaković,Croatia,0.0,1.6153846153846152,1.1538461538461537
Donyell Malen,Netherlands,0.0,3.624161073825503,0.6040268456375839
Dorukhan Toköz,Turkey ,0.0,18.0,0.0
Dries Mertens,Belgium ,0.0,4.972375690607735,0.0
Duje Ćaleta-Car,Croatia ,0.0,3.428571428571429,1.2857142857142856
Dylan Levitt,Wales ,0.0,0.0,0.0
Dávid Hancko,Slovakia ,0.0,25.71428571428571,0.0
Dávid Sigér,Hungary,0.0,0.0,0.0
Eden Hazard,Belgium ,0.0,8.325991189427313,1.1894273127753305
Eduard Sobol,Ukraine,0.0,0.0,0.0
Egzon Bejtulai,North Macedonia ,0.0,9.642857142857142,3.214285714285714
Elif Elmas,North Macedonia,0.0,11.0,1.0
Emerson Palmieri,Italy ,0.0,0.0,0.0
Emil Forsberg,Sweden ,0.0,6.585365853658536,1.4634146341463417
Emil Krafth,Sweden ,0.0,5.769230769230768,1.1538461538461537
Emre Can,Germany ,0.0,12.857142857142856,2.571428571428571
Endre Botka,Hungary,0.0,3.333333333333333,0.6666666666666667
Enis Bardhi,North Macedonia,0.0,8.846153846153847,4.230769230769231
Eric García,Spain ,0.0,5.142857142857142,3.214285714285714
Ethan Ampadu,Wales ,0.0,4.931506849315069,1.2328767123287672
Ezgjan Alioski,North Macedonia,0.33333333333333337,8.333333333333332,3.0
Fabian Schär,Switzerland,0.0,8.481675392670157,3.7696335078534036
Fabián Ruiz Peña,Spain,0.0,10.140845070422536,1.267605633802817
Federico Bernardeschi,Italy ,0.0,4.5,2.25
Federico Chiesa,Italy ,0.3629032258064516,5.080645161290322,1.0887096774193548
Ferhan Hasani,North Macedonia,0.0,0.0,0.0
Ferrán Torres,Spain,0.0,7.377049180327869,0.8852459016393444
Filip Helander,Sweden,0.0,9.0,0.0
Florian Grillitsch,Austria ,0.0,15.200000000000001,2.0
Francesco Acerbi,Italy,0.0,4.267241379310344,1.5517241379310345
Fredrik Jensen,Finland,0.0,38.57142857142857,0.0
Frenkie de Jong,Netherlands,0.25862068965517243,11.379310344827587,1.293103448275862
Fyodor Kudryashov,Russia,0.0,2.7272727272727275,0.0
Gaetano Castrovilli,Italy,0.0,0.0,0.0
Gareth Bale,Wales,0.5070422535211268,7.352112676056338,4.056338028169014
Georgi Dzhikiya,Russia,0.0,4.333333333333333,0.33333333333333337
Georginio Wijnaldum,Netherlands,0.0,5.0,0.0
Gerard Moreno,Spain,0.0,11.946902654867257,0.39823008849557523
Gergő Lovrencsics,Hungary,0.0,2.6999999999999997,2.6999999999999997
Giacomo Raspadori,Italy,0.0,0.0,5.625
Gianluigi Donnarumma,Italy ,0.0,3.7656903765690375,0.37656903765690375
Giorgio Chiellini,Italy ,0.0,6.65024630541872,2.2167487684729066
Giovanni Di Lorenzo,Italy ,0.0,5.739130434782608,0.782608695652174
Glen Kamara,Finland,0.0,8.666666666666666,2.0
Goran Pandev,North Macedonia,0.0,9.435483870967742,1.0887096774193548
Granit Xhaka,Switzerland ,0.23076923076923078,13.153846153846155,2.076923076923077
Grant Hanley,Scotland ,0.0,5.09433962264151,1.2735849056603774
Grzegorz Krychowiak,Poland,0.0,13.043478260869566,1.3043478260869565
Gustav Svensson,Sweden,0.0,0.0,0.0
Hakan Çalhanoğlu,Turkey,0.33962264150943394,11.547169811320755,3.0566037735849054
Halil Dervişoğlu,Turkey,0.0,5.806451612903226,0.0
Hans Vanaken,Belgium ,0.0,90.0,0.0
Haris Seferović,Switzerland,0.23746701846965698,8.073878627968337,0.23746701846965698
Harry Kane,England,0.0,9.310344827586206,1.3300492610837438
Harry Maguire,England ,0.0,7.333333333333334,2.666666666666667
Harry Wilson,Wales,0.0,5.09433962264151,1.6981132075471697
Heorhiy Bushchan,Ukraine ,0.0,2.25,0.1875
Hugo Lloris,France,0.0,0.9230769230769231,0.46153846153846156
Igor Diveev,Russia,0.0,3.2,3.2
Illia Zabarnyi,Ukraine ,0.0,4.125,0.9375
Ivan Perišić,Croatia,0.0,7.961538461538462,1.3846153846153846
Ivan Tričkovski,North Macedonia,0.0,3.857142857142857,1.2857142857142856
Jack Grealish,England,0.0,16.153846153846153,0.0
Jack Hendry,Scotland,0.0,5.454545454545455,0.0
Jadon Sancho,England ,0.0,8.350515463917526,0.9278350515463918
Jakub Brabec,Czech Republic,0.0,10.384615384615385,3.4615384615384617
Jakub Hromada,Slovakia,0.0,9.51219512195122,0.0
Jakub Jankto,Czech Republic,0.0,9.146341463414634,2.9268292682926833
Jakub Moder,Poland ,0.0,6.0,3.0
Jakub Świerczok,Poland ,0.0,6.0,3.0
Jamal Musiala,Germany ,0.0,0.0,0.0
James Forrest,Scotland,0.0,15.0,0.0
Jan Bednarek,Poland ,0.0,6.4772727272727275,2.7272727272727275
Jan Bořil,Czech Republic,0.25,6.499999999999999,1.25
Jan Vertonghen,Belgium ,0.0,6.7630057803468215,1.300578034682081
Jannik Vestergaard,Denmark ,0.0,7.795275590551181,1.4173228346456692
Jason Denayer,Belgium ,0.0,5.0,0.5
Jens Cajuste,Sweden ,0.0,0.0,0.0
Jens Stryger Larsen,Denmark ,0.40540540540540543,6.081081081081082,4.45945945945946
Jere Uronen,Finland,0.0,8.674698795180724,0.7228915662650601
Jeremy Doku,Belgium,0.5454545454545454,6.0,0.5454545454545454
Joachim Andersen,Denmark ,0.0,0.0,0.0
Joakim Mæhle,Denmark ,0.0,8.8,0.4
Joe Allen,Wales,0.0,5.875370919881306,0.5341246290801187
Joe Morrell,Wales,0.0,5.134228187919463,1.2080536912751678
Joe Rodon,Wales,0.25,3.0,0.75
Joel Pohjanpalo,Finland,0.0,8.181818181818182,0.371900826446281
John McGinn,Scotland ,0.0,11.666666666666666,0.0
John Stones,England,0.0,6.986301369863013,1.643835616438356
Jonas Wind,Denmark,0.0,8.709677419354838,2.903225806451613
Joni Kauko,Finland,0.0,15.0,1.5
Joona Toivio,Finland,0.0,3.409090909090909,0.6818181818181819
Jordan Henderson,England ,0.0,12.073170731707318,2.1951219512195124
Jordan Pickford,England,0.0,3.4,1.8
Jordi Alba,Spain,0.2073732718894009,8.087557603686635,1.0368663594470047
Jorginho,Italy ,0.3879310344827586,13.189655172413792,0.9698275862068966
Joshua Kimmich,Germany ,0.5,8.25,2.0
Josip Brekalo,Croatia,0.7964601769911505,4.778761061946903,1.592920353982301
Josip Juranović,Croatia,0.0,4.41717791411043,2.208588957055215
José Luis Gayà,Spain ,0.0,4.7368421052631575,2.3684210526315788
João Félix,Portugal ,0.0,7.5,2.5
João Moutinho,Portugal,0.0,8.181818181818182,0.5844155844155845
João Palhinha,Portugal,0.0,3.6885245901639343,3.6885245901639343
Joël Veltman,Netherlands,0.0,0.0,0.0
Joško Gvardiol,Croatia,0.0,7.073170731707317,1.4634146341463417
Jude Bellingham,England ,0.0,12.413793103448276,1.5517241379310345
Jukka Raitala,Finland,0.0,3.9130434782608696,0.7114624505928854
Jules Koundé,France ,0.0,5.0,2.0
Julian Baumgartlinger,Austria,0.0,0.0,0.0
Juraj Kucka,Slovakia,0.0,7.666666666666666,2.666666666666667
Jurrien Timber,Netherlands,0.0,4.436619718309859,0.6338028169014085
Ján Greguš,Slovakia ,0.0,90.0,0.0
Kaan Ayhan,Turkey,0.0,5.0,4.5
Kacper Kozłowski,Poland ,0.0,8.333333333333332,1.6666666666666665
Kai Havertz,Germany ,0.5980066445182725,7.176079734219269,0.5980066445182725
Kalvin Phillips,England,0.2122641509433962,7.429245283018868,1.6981132075471697
Kamil Glik,Poland ,0.0,7.666666666666666,0.33333333333333337
Kamil Jóźwiak,Poland ,0.0,8.625,0.75
Karim Benzema,France,0.0,6.502890173410405,0.0
Karim Onisiwo,Austria ,0.0,0.0,0.0
Karol Linetty,Poland ,0.0,12.531645569620252,0.0
Karol Świderski,Poland ,0.0,4.969325153374233,0.5521472392638037
Kasper Dolberg,Denmark ,0.0,5.69620253164557,0.0
Kasper Schmeichel,Denmark ,0.0,0.8,2.4000000000000004
Kenan Karaman,Turkey,0.0,8.4375,0.0
Kevin De Bruyne,Belgium ,0.0,6.309963099630996,3.9852398523985237
Kevin Mbabu,Switzerland,0.0,7.5,1.25
Kevin Nisbet,Scotland ,0.0,11.25,0.0
Kevin Varga,Hungary ,0.0,15.0,0.0
Kevin Volland,Germany ,0.0,37.5,7.5
Kieffer Moore,Wales,0.0,7.5,0.625
Kieran Tierney,Scotland ,0.0,3.5,3.0
Kieran Trippier,England,0.0,5.679611650485437,2.1844660194174756
Kingsley Coman,France,0.0,12.999999999999998,1.0
Kire Ristevski,North Macedonia ,0.0,30.0,0.0
Koke,Spain,0.0,11.470588235294116,3.75
Konrad Laimer,Austria ,0.0,8.378378378378379,0.2702702702702703
Kristoffer Olsson,Sweden ,0.0,4.285714285714286,1.3392857142857142
Kyle Walker,England ,0.0,8.5,1.25
Kylian Mbappé,France,0.46153846153846156,5.076923076923077,0.6923076923076923
Lassi Lappalainen,Finland,0.0,11.25,0.0
Leander Dendoncker,Belgium ,0.0,4.832214765100671,0.0
Leandro Trossard,Belgium ,0.0,12.162162162162163,3.6486486486486487
Leo Väisänen,Finland ,0.0,0.0,0.0
Leon Goretzka,Germany ,0.6382978723404256,8.936170212765958,0.0
Leonardo Bonucci,Italy ,0.41379310344827586,2.689655172413793,2.896551724137931
Leonardo Spinazzola,Italy ,0.0,8.333333333333332,0.7142857142857142
Leroy Sané,Germany ,0.0,6.315789473684211,0.7894736842105263
Liam Cooper,Scotland,1.0,9.0,3.0
Lorenzo Insigne,Italy ,0.8108108108108109,11.621621621621623,4.594594594594595
Loris Benito,Switzerland,0.0,0.0,0.0
Louis Schaub,Austria ,0.0,6.0,0.0
Loïc Nego,Hungary,0.0,2.621359223300971,0.0
Lucas Digne,France ,0.0,15.9375,0.0
Lucas Hernández,France ,0.0,2.666666666666667,0.6666666666666667
Ludwig Augustinsson,Sweden ,0.0,6.446991404011461,1.5472779369627507
Luka Ivanušec,Croatia,0.0,1.3432835820895521,0.0
Luka Modrić,Croatia,0.0,9.869451697127937,5.404699738903394
Luke Shaw,England,0.5389221556886228,9.70059880239521,0.8083832335329341
Lukáš Haraslín,Slovakia,0.0,4.0,1.0
Lukáš Hrádecký,Finland,0.0,4.0,1.6666666666666665
Lukáš Masopust,Czech Republic,0.28213166144200624,6.771159874608151,0.8463949843260189
Luuk de Jong,Netherlands,0.0,37.5,0.0
Lyndon Dykes,Scotland ,0.0,8.372093023255815,0.6976744186046512
László Bénes,Slovakia,0.0,0.0,0.0
László Kleinheisler,Hungary,0.0,3.6437246963562755,0.728744939271255
Maarten Stekelenburg,Netherlands,0.0,0.75,0.5
Maciej Rybus,Poland,0.0,4.931506849315069,1.2328767123287672
Magomed Ozdoyev,Russia,0.0,6.0,2.142857142857143
Maksim Mukhin,Russia,0.0,7.758620689655173,1.5517241379310345
Manuel Akanji,Switzerland,0.0,6.352941176470588,1.0588235294117647
Manuel Locatelli,Italy ,0.4245283018867924,12.31132075471698,1.6981132075471697
Manuel Neuer,Germany ,0.0,1.75,1.0
Marcel Halstenberg,Germany ,0.0,6.428571428571428,0.0
Marcel Sabitzer,Austria ,0.46153846153846156,9.0,1.6153846153846152
Marcelo Brozović,Croatia,0.0,10.176678445229681,2.862190812720848
Marco Verratti,Italy ,0.3930131004366812,12.969432314410481,0.7860262008733624
Marcos Llorente,Spain,0.0,8.530805687203792,1.2796208530805686
Marcus Berg,Sweden ,0.0,7.584269662921348,0.5056179775280899
Marcus Danielsson,Sweden ,0.0,4.646739130434782,0.9782608695652174
Marcus Forss,Finland,0.0,11.25,0.0
Marcus Rashford,England,0.0,7.241379310344827,1.0344827586206897
Marcus Thuram,France,0.0,0.0,0.0
Marek Hamšík,Slovakia,0.0,10.941176470588236,5.294117647058823
Mario Gavranović,Switzerland,0.0,8.129032258064516,0.0
Mario Pašalić,Croatia ,0.0,9.375,1.875
Marko Arnautović,Austria ,0.0,9.539170506912443,0.0
Marlos,Ukraine ,0.0,9.72972972972973,1.2162162162162162
Marten de Roon,Netherlands,0.0,8.042553191489363,2.2978723404255317
Martin Braithwaite,Denmark ,0.0,8.513513513513514,0.6081081081081081
Martin Dúbravka,Slovakia,0.0,4.333333333333333,2.0
Martin Hinteregger,Austria ,0.0,6.461538461538461,0.46153846153846156
Martin Koscelník,Slovakia ,0.0,5.294117647058823,0.0
Mason Mount,England,0.6666666666666667,7.666666666666666,1.3333333333333335
Mateo Kovačić,Croatia,0.0,7.988165680473372,1.5976331360946745
Mateusz Klich,Poland ,0.0,10.285714285714285,0.0
Mathias Jensen,Denmark ,0.0,17.52212389380531,11.946902654867257
Mats Hummels,Germany ,0.27108433734939763,7.048192771084338,1.355421686746988
Matteo Pessina,Italy,0.0,6.206896551724138,0.0
Matthias Ginter,Germany ,0.0,5.4941860465116275,1.3081395348837208
Matthijs de Ligt,Netherlands,0.0,1.948051948051948,0.7792207792207793
Matvei Safonov,Russia,0.0,0.5,1.5
Matěj Vydra,Czech Republic,0.0,9.473684210526315,0.0
Memphis Depay,Netherlands,0.27692307692307694,8.861538461538462,4.153846153846154
Merih Demiral,Turkey,0.0,3.2,1.2000000000000002
Mert Müldür,Turkey,0.0,4.954128440366973,0.8256880733944955
Michael Gregoritsch,Austria,0.8256880733944955,5.779816513761468,0.0
Michal Krmenčík,Czech Republic,0.0,8.059701492537313,0.0
Michal Sadílek,Czech Republic ,0.0,0.0,0.0
Michal Ďuriš,Slovakia,0.0,3.214285714285714,0.0
Michy Batshuayi,Belgium ,0.0,12.0,0.0
Mikael Lustig,Sweden ,0.0,6.325878594249201,1.1501597444089455
Mikel Oyarzabal,Spain,0.0,6.428571428571428,3.6734693877551017
Mikkel Damsgaard,Denmark ,0.0,7.644787644787645,1.0424710424710424
Milan Ristovski,North Macedonia ,0.0,0.0,0.0
Milan Škriniar,Slovakia,0.0,4.333333333333333,3.0
Mislav Oršić,Croatia,0.0,3.333333333333333,0.0
Moussa Sissoko,France,0.0,4.864864864864865,2.4324324324324325
Mykola Matviyenko,Ukraine ,0.0,6.0,2.0625
Mykola Shaparenko,Ukraine ,0.0,11.214953271028037,2.2429906542056073
Mário Fernandes,Russia,0.0,3.5121951219512195,0.8780487804878049
N'Golo Kanté,France,0.0,9.0,1.1538461538461537
Nacer Chadli,Belgium,0.0,13.404255319148936,0.0
Nathan Aké,Netherlands,0.0,5.0,0.0
Nathan Patterson,Scotland ,0.0,12.857142857142856,0.0
Neco Williams,Wales,0.0,9.854014598540147,2.627737226277372
Nemanja Nikolić,Hungary,0.0,3.9705882352941178,0.0
Nico Elvedi,Switzerland,0.0,4.411764705882353,0.1764705882352941
Nicolai Boilesen,Denmark ,0.0,6.428571428571428,0.0
Nicolò Barella,Italy ,0.27108433734939763,7.3192771084337345,0.8132530120481928
Niklas Süle,Germany ,0.0,5.0,0.0
Nikola Vlašić,Croatia,0.4433497536945813,6.206896551724138,0.0
Nikolai Alho,Finland,0.0,0.0,0.0
Nélson Semedo,Portugal,0.0,7.325581395348838,0.3488372093023256
Okay Yokuşlu,Turkey,0.0,7.279411764705883,3.308823529411765
Oleksandr Karavayev,Ukraine ,0.0,5.0625,1.5
Oleksandr Zinchenko,Ukraine ,0.0,10.125,0.9375
Oleksandr Zubkov,Ukraine ,0.0,22.5,0.0
Olivier Giroud,France,0.0,4.285714285714286,0.0
Ondrej Duda,Slovakia,0.0,7.232142857142858,3.616071428571429
Ondřej Čelůstka,Czech Republic,0.0,4.033018867924528,2.1226415094339623
Orkun Kökçü,Turkey ,0.0,8.181818181818182,8.181818181818182
Ousmane Dembélé,France,0.0,0.0,0.0
Owen Wijndal,Netherlands,0.0,5.09433962264151,1.6981132075471697
Ozan Tufan,Turkey,0.0,10.526315789473683,0.5263157894736842
Pablo Sarabia,Spain,0.0,5.33596837944664,0.7114624505928854
Patrick van Aanholt,Netherlands,0.30303030303030304,3.0303030303030303,1.2121212121212122
Patrik Hrošovský,Slovakia ,0.0,4.7368421052631575,2.8421052631578947
Patrik Schick,Czech Republic,0.0,7.425000000000001,0.225
Pau Torres,Spain,0.24861878453038672,6.961325966850828,3.2320441988950277
Paul Pogba,France,0.96,9.600000000000001,2.88
Paulus Arajuuri,Finland,0.0,3.0,0.33333333333333337
Pavel Kadeřábek,Czech Republic ,0.0,5.0,0.0
Paweł Dawidowicz,Poland ,0.0,15.0,0.0
Pedri,Spain,0.5314960629921259,11.87007874015748,3.188976377952756
Pepe,Portugal,0.25,5.0,4.0
Peter Pekarík,Slovakia,0.0,4.267241379310344,0.3879310344827586
Petr Ševčík,Czech Republic,0.0,7.5,2.3684210526315788
Phil Foden,England,0.0,5.454545454545455,1.3636363636363638
Philipp Lienhart,Austria,0.0,1.7307692307692308,1.7307692307692308
Pierre Bengtsson,Sweden ,0.0,5.625,1.875
Pierre Højbjerg,Denmark ,0.0,10.2,1.2000000000000002
Piotr Zieliński,Poland ,0.0,9.204545454545455,1.7045454545454546
Presnel Kimpembe,France,0.0,4.153846153846154,0.6923076923076923
Przemysław Frankowski,Poland ,0.0,8.470588235294118,2.1176470588235294
Przemysław Płacheta,Poland ,0.0,20.76923076923077,0.0
Pyry Soiri,Finland,0.0,16.875,0.0
Péter Gulácsi,Hungary,0.0,2.0,0.0
Quincy Promes,Netherlands,0.0,9.152542372881356,1.5254237288135593
Rafa Silva,Portugal ,1.6981132075471697,5.09433962264151,0.0
Rafael Tolói,Italy ,0.0,6.428571428571428,0.0
Raheem Sterling,England,0.22556390977443608,9.248120300751879,0.0
Raphaël Guerreiro,Portugal,0.0,5.5,0.75
Raphaël Varane,France,0.0,2.076923076923077,1.3846153846153846
Rasmus Schüller,Finland,0.0,9.557522123893806,0.7964601769911505
Reece James,England,0.0,9.0,1.0
Remo Freuler,Switzerland,0.0,11.372549019607844,1.1764705882352942
Renato Sanches,Portugal,0.410958904109589,10.684931506849315,2.4657534246575343
Ricardo Rodríguez,Switzerland,0.0,6.995798319327731,4.159663865546219
Rifat Zhemaletdinov,Russia,0.0,6.0,0.0
Robert Lewandowski,Poland ,0.0,9.333333333333334,1.0
Robin Gosens,Germany ,0.5678233438485805,7.381703470031546,0.8517350157728707
Robin Lod,Finland,1.003717472118959,9.368029739776953,0.0
Robin Olsen,Sweden ,0.0,0.9230769230769231,0.46153846153846156
Robin Quaison,Sweden ,0.0,3.543307086614173,0.0
Rodri,Spain,0.0,18.40909090909091,3.5795454545454546
Roland Sallai,Hungary,0.375,5.25,0.0
Roland Varga,Hungary,0.0,30.0,0.0
Roman Bezus,Ukraine ,0.0,0.0,0.0
Roman Yaremchuk,Ukraine ,0.0,7.5524475524475525,0.2097902097902098
Roman Zobnin,Russia,0.0,7.809917355371901,1.487603305785124
Romelu Lukaku,Belgium ,0.0,3.656884875846501,0.20316027088036115
Ruben Vargas,Switzerland,0.0,4.764705882352941,0.0
Rui Patrício,Portugal,0.0,0.5,0.25
Ruslan Malinovskyi,Ukraine ,1.267605633802817,6.971830985915492,2.2183098591549295
Ryan Christie,Scotland,0.0,12.0,0.0
Ryan Fraser,Scotland ,0.0,4.0,4.0
Ryan Gravenberch,Netherlands ,0.8411214953271028,4.205607476635514,0.0
Róbert Mak,Slovakia,0.0,5.869565217391304,0.391304347826087
Rúben Dias,Portugal,0.25,3.5,3.2499999999999996
Rúben Neves,Portugal,0.0,4.7368421052631575,0.0
Salvatore Sirigu,Italy,0.0,0.0,0.0
Sasa Kalajdzic,Austria ,0.0,8.839285714285714,0.0
Scott McKenna,Scotland ,0.0,7.758620689655173,0.0
Scott McTominay,Scotland ,0.0,10.333333333333334,1.0
Seb Larsson,Sweden ,0.0,5.655737704918033,1.7213114754098362
Serge Gnabry,Germany ,0.0,6.144578313253012,0.36144578313253006
Sergio Busquets,Spain ,0.9278350515463918,11.75257731958763,0.6185567010309279
Serhiy Kryvtsov,Ukraine,0.0,1.7532467532467533,1.168831168831169
Serhiy Sydorchuk,Ukraine ,0.0,6.774193548387097,0.7258064516129032
Silvan Widmer,Switzerland,0.0,7.346938775510203,0.0
Simon Kjær,Denmark ,0.0,5.073529411764706,1.1029411764705883
Stanislav Lobotka,Slovakia,0.0,6.0,4.0
Stefan Ilsanker,Austria ,0.0,0.0,0.0
Stefan Lainer,Austria ,0.0,7.754569190600522,0.7049608355091384
Stefan Ristovski,North Macedonia,0.0,9.0,2.0
Stefan Spirovski,North Macedonia ,0.0,6.0,0.0
Stefan de Vrij,Netherlands,0.0,2.0,1.7142857142857144
Stephen O'Donnell,Scotland ,0.0,5.7370517928286855,1.4342629482071714
Steven Berghuis,Netherlands,0.0,8.181818181818182,3.2727272727272725
Steven Zuber,Switzerland,0.31690140845070425,9.82394366197183,0.6338028169014085
Stole Dimitrievski,North Macedonia,0.0,1.3333333333333335,2.0
Stuart Armstrong,Scotland ,0.0,11.4,1.8
Szabolcs Schön,Hungary ,0.0,0.0,0.0
Sérgio Oliveira,Portugal,0.0,16.875,11.25
Tamás Cseri,Hungary,0.0,0.0,0.0
Taras Stepanenko,Ukraine ,0.0,4.891304347826087,0.0
Teemu Pukki,Finland,0.0,5.294117647058823,0.0
Thiago Alcántara,Spain,1.6981132075471697,18.67924528301887,13.584905660377357
Thibaut Courtois,Belgium ,0.0,1.6,0.8
Thomas Delaney,Denmark ,0.0,10.945945945945947,2.1891891891891895
Thomas Lemar,France ,0.0,0.0,0.0
Thomas Meunier,Belgium ,0.2735562310030395,5.197568389057751,2.188449848024316
Thomas Müller,Germany ,0.3082191780821918,11.095890410958903,0.6164383561643836
Thomas Vermaelen,Belgium ,0.0,4.105263157894737,0.631578947368421
Thorgan Hazard,Belgium ,0.0,3.5195530726256985,1.5083798882681565
Tihomir Kostadinov,North Macedonia,0.0,5.3999999999999995,1.8
Tim Sparv,Finland,0.0,10.827067669172932,0.0
Timo Werner,Germany ,0.0,4.166666666666666,0.0
Timothy Castagne,Belgium,0.0,0.0,0.0
Toby Alderweireld,Belgium ,0.0,4.0,3.5
Tomáš Holeš,Czech Republic,0.0,5.134228187919463,0.30201342281879195
Tomáš Hubočan,Slovakia,0.34220532319391633,4.448669201520913,0.6844106463878327
Tomáš Kalas,Czech Republic,0.0,4.6000000000000005,2.4000000000000004
Tomáš Pekhart,Czech Republic,0.0,11.25,0.0
Tomáš Souček,Czech Republic,0.0,10.2,2.2
Tomáš Suslov,Slovakia,0.0,0.0,0.0
Tomáš Vaclík,Czech Republic,0.0,3.0,0.4
Toni Kroos,Germany ,0.0,9.75,7.0
Tyler Roberts,Wales,0.0,0.0,0.0
Tymoteusz Puchacz,Poland ,0.0,5.921052631578947,1.776315789473684
Tyrone Mings,England,0.0,6.09375,0.9375
Umut Meraş,Turkey,0.0,5.031055900621118,0.0
Unai Simón,Spain,0.0,2.4705882352941178,1.0588235294117647
Uğurcan Çakır,Turkey,0.0,1.6666666666666665,1.0
Valentino Lazaro,Austria ,0.0,8.571428571428571,0.0
Victor Lindelöf,Sweden ,0.0,4.384615384615385,1.1538461538461537
Viktor Claesson,Sweden ,0.0,6.27906976744186,3.13953488372093
Viktor Tsyhankov,Ukraine,0.0,8.873239436619718,0.6338028169014085
Visar Musliu,North Macedonia,0.0,6.113207547169811,1.0188679245283019
Vitaliy Mykolenko,Ukraine ,0.0,6.610169491525424,1.0169491525423728
Vladimír Coufal,Czech Republic,0.2,8.0,1.0
Vladimír Darida,Czech Republic,0.0,9.838056680161944,2.91497975708502
Vladimír Weiss,Slovakia,0.0,2.5,0.0
Vlatko Stojanovski,North Macedonia,0.0,6.923076923076923,0.0
Vyacheslav Karavayev,Russia,0.0,5.255474452554744,0.656934306569343
Willi Orban,Hungary,0.0,4.333333333333333,1.0
William Carvalho,Portugal ,0.656934306569343,9.854014598540147,2.627737226277372
Wojciech Szczęsny,Poland ,0.0,1.0,1.3333333333333335
Wout Weghorst,Netherlands,0.0,7.461139896373057,0.0
Xaver Schlager,Austria ,0.0,9.809264305177111,0.49046321525885556
Xherdan Shaqiri,Switzerland,0.0,7.6229508196721305,3.9344262295081966
Yann Sommer,Switzerland,0.0,2.2941176470588234,0.8823529411764706
Yannick Carrasco,Belgium ,0.0,2.608695652173913,1.3043478260869565
Yevhen Makarenko,Ukraine,0.0,10.18867924528302,0.0
Youri Tielemans,Belgium ,0.0,5.059171597633136,1.0650887573964496
Yuri Zhirkov,Russia ,0.0,4.285714285714286,0.0
Yussuf Poulsen,Denmark ,0.37344398340248963,10.8298755186722,0.7468879668049793
Yusuf Yazıcı,Turkey,0.0,10.0,0.7692307692307693
Zeki Çelik,Turkey,0.6666666666666667,7.666666666666666,1.0
Ádám Nagy,Hungary,0.0,6.404494382022471,1.348314606741573
Ádám Szalai,Hungary,0.0,3.6734693877551017,0.4591836734693877
Álvaro Morata,Spain,0.0,8.307692307692308,1.1538461538461537
Çağlar Söyüncü,Turkey,0.0,6.333333333333334,4.0
İlkay Gündoğan,Germany ,0.0,5.342465753424658,2.054794520547945
İrfan Kahveci,Turkey,0.0,7.964601769911504,1.592920353982301
Ľubomír Šatka,Slovakia,0.0,5.0,1.0
Šime Vrsaljko,Croatia,0.0,7.5,2.5
