Player,team_name,KeyPassesper90,Opp1/3per90,PPAper90,CrsPAper90,MedPassAcc,LongPassAcc
Aaron Ramsey,Wales,1.019830028328612,3.059490084985836,1.274787535410765,0.254957507082153,0.8653846153846155,0.6666666666666666
Adam Hložek,Czech Republic ,1.125,0.0,3.375,2.25,0.7,0.25
Adama Traoré,Spain ,0.0,0.0,0.0,0.0,1.0,0.6666666666666666
Admir Mehmedi,Switzerland ,0.0,4.5,0.0,0.0,1.0,1.0
Adrien Rabiot,France,0.29605263157894735,4.440789473684211,0.888157894736842,0.0,0.8674698795180723,0.8333333333333334
Albin Ekdal,Sweden ,0.46511627906976744,2.7906976744186047,0.46511627906976744,0.0,0.8571428571428573,0.9333333333333332
Aleksandar Dragović,Austria ,0.0,5.325443786982248,0.2662721893491124,0.0,0.8938053097345133,0.8421052631578947
Aleksandar Trajkovski,North Macedonia,1.5517241379310345,1.5517241379310345,1.5517241379310345,0.5172413793103449,0.8095238095238095,1.0
Aleksandr Golovin,Russia,1.0,1.6666666666666665,2.0,1.3333333333333335,0.7647058823529411,0.6000000000000001
Aleksandr Sobolev,Russia,2.5,0.0,2.5,0.0,0.7142857142857143,
Aleksei Miranchuk,Russia,2.0930232558139537,2.6162790697674416,2.6162790697674416,0.0,0.875,0.33333333333333337
Alessandro Bastoni,Italy,3.0,3.0,1.0,1.0,0.9736842105263158,0.8
Alessandro Florenzi,Italy ,0.0,6.0,0.0,0.0,0.9545454545454546,0.5555555555555556
Alessandro Schöpf,Austria ,3.0,1.0,1.0,1.0,0.8888888888888888,1.0
Alex Král,Czech Republic ,0.0,2.8346456692913384,0.0,0.0,0.6956521739130435,0.5
Alexander Isak,Sweden ,1.4018691588785046,0.8411214953271028,1.1214953271028036,0.0,0.8823529411764705,0.8750000000000001
Andrea Belotti,Italy ,0.5844155844155845,0.0,0.5844155844155845,0.0,0.8000000000000002,1.0
Andreas Christensen,Denmark ,0.20454545454545453,4.909090909090909,0.0,0.0,0.9248120300751881,0.7777777777777777
Andreas Cornelius,Denmark ,2.9508196721311477,1.4754098360655739,1.4754098360655739,0.0,0.7142857142857143,0.4
Andreas Skov Olsen,Denmark,2.571428571428571,2.571428571428571,0.0,0.0,0.8571428571428572,1.0
Andreas Ulmer,Austria,0.0,0.5,0.5,0.0,0.7741935483870968,0.42857142857142855
Andrei Semyonov,Russia ,0.0,2.0,0.0,0.0,0.8518518518518519,0.6
Andrej Kramarić,Croatia,0.7964601769911505,0.7964601769911505,0.7964601769911505,0.39823008849557523,0.8125,0.9
Andrew Robertson,Scotland ,3.0,3.0,2.0,1.6666666666666665,0.8115942028985508,0.45833333333333337
Andriy Yarmolenko,Ukraine ,1.2162162162162162,2.0270270270270268,1.4189189189189189,0.20270270270270271,0.7735849056603773,0.6249999999999999
András Schäfer,Hungary,1.1842105263157894,2.763157894736842,0.39473684210526316,0.0,0.9259259259259259,0.6666666666666667
André Silva,Portugal ,4.615384615384615,0.0,0.0,0.0,0.5,
Ante Budimir,Croatia,0.0,4.285714285714286,0.0,0.0,1.0,1.0
Ante Rebić,Croatia,0.0,1.3636363636363638,0.4545454545454546,0.0,0.5384615384615383,0.0
Antoine Griezmann,France,2.2946175637393766,3.824362606232295,1.529745042492918,0.0,0.8999999999999999,0.6538461538461539
Anton Shunin,Russia ,0.0,1.0,0.0,0.0,1.0,0.45454545454545453
Antonio Rüdiger,Germany ,0.0,9.25,0.0,0.0,0.9824561403508771,0.717948717948718
Antonín Barák,Czech Republic,1.9672131147540983,1.4754098360655739,0.9836065573770492,0.4918032786885246,0.8378378378378377,0.5238095238095237
Arijan Ademi,North Macedonia,0.35856573705179284,1.4342629482071714,0.0,0.0,0.8717948717948718,0.8333333333333334
Artem Besyedin,Ukraine,2.4324324324324325,0.0,0.0,0.0,0.6666666666666666,1.0
Artem Dovbyk,Ukraine ,6.0,0.0,0.0,0.0,,0.0
Artem Dzyuba,Russia,1.7045454545454546,1.0227272727272727,0.6818181818181819,0.0,0.5909090909090909,0.25
Attila Fiola,Hungary,0.0,0.6818181818181819,0.0,0.0,0.6904761904761905,0.0
Attila Szalai,Hungary,0.0,1.0,0.0,0.0,0.9500000000000002,0.425
Axel Witsel,Belgium ,0.8940397350993378,3.576158940397351,0.0,0.0,0.9583333333333333,0.9565217391304348
Aymeric Laporte,Spain,0.1764705882352941,8.823529411764707,0.1764705882352941,0.0,0.96875,0.8879310344827587
Bartosz Bereszyński,Poland ,0.0,6.666666666666666,2.0,0.6666666666666667,0.8787878787878789,0.5624999999999999
Ben Davies,Wales,0.0,0.9818181818181819,0.6545454545454545,0.32727272727272727,0.7413793103448277,0.4761904761904761
Benjamin Pavard,France,0.6000000000000001,3.9000000000000004,0.30000000000000004,0.0,0.8125,0.85
Bernardo Silva,Portugal,1.875,3.0,1.5,0.0,0.8571428571428571,0.7
Billy Gilmour,Scotland ,0.0,2.4000000000000004,0.0,0.0,0.9047619047619047,0.6666666666666667
Boban Nikolov,North Macedonia,0.75,0.75,0.75,0.0,0.9285714285714286,0.3333333333333333
Borna Barišić,Croatia,0.0,0.0,0.0,0.0,1.0,0.0
Breel Embolo,Switzerland,1.4794520547945205,0.4931506849315069,1.4794520547945205,0.0,0.8571428571428571,0.6666666666666666
Bruno Fernandes,Portugal,2.621359223300971,3.058252427184466,3.058252427184466,0.4368932038834951,0.7368421052631579,0.6666666666666667
Bruno Petković,Croatia,0.5232558139534884,1.569767441860465,0.5232558139534884,0.0,0.9000000000000001,0.25
Bryan Cristante,Italy ,1.3432835820895521,6.716417910447761,0.0,0.0,0.8947368421052633,1.0
Bukayo Saka,England ,0.0,1.1920529801324504,0.0,0.0,0.823529411764706,0.6363636363636365
Burak Yılmaz,Turkey,1.6666666666666665,0.0,0.33333333333333337,0.0,0.7368421052631579,0.0
Callum McGregor,Scotland ,0.8823529411764706,3.5294117647058822,0.4411764705882353,0.0,0.9545454545454544,0.8333333333333334
Cengiz Ünder,Turkey,2.621359223300971,1.7475728155339805,2.1844660194174756,0.8737864077669902,0.8947368421052632,0.5714285714285714
Che Adams,Scotland ,0.8450704225352113,0.8450704225352113,1.267605633802817,0.4225352112676056,0.6666666666666667,0.875
Chris Gunter,Wales ,0.0,0.0,0.0,0.0,0.9333333333333333,0.42857142857142855
Chris Mepham,Wales,0.0,2.3333333333333335,0.0,0.0,1.0,0.7142857142857142
Christian Benteke,Belgium ,0.0,0.0,0.0,0.0,,1.0
Christian Eriksen,Denmark,4.285714285714286,2.142857142857143,0.0,0.0,0.8571428571428571,0.4615384615384615
Christian Fassnacht,Switzerland,0.0,0.0,0.0,0.0,0.3,0.33333333333333337
Christian Nørgaard,Denmark ,0.8035714285714285,2.4107142857142856,0.8035714285714285,0.0,0.9130434782608695,0.8750000000000001
Christoph Baumgartner,Austria ,0.3658536585365854,1.4634146341463417,0.0,0.0,0.7727272727272727,0.5
Christopher Trimmel,Austria ,0.0,12.857142857142856,0.0,0.0,1.0,
Ciro Immobile,Italy ,0.8282208588957056,0.5521472392638037,0.8282208588957056,0.0,0.8076923076923077,0.7777777777777779
Clément Lenglet,France,0.0,6.0,0.0,0.0,1.0,1.0
Cody Gakpo,Netherlands ,0.0,0.0,7.5,0.0,,0.0
Connor Roberts,Wales,0.29126213592233013,2.330097087378641,0.29126213592233013,0.0,0.8297872340425532,0.5652173913043478
Corentin Tolisso,France ,1.0975609756097562,4.390243902439025,1.0975609756097562,0.0,0.9565217391304348,0.923076923076923
Cristiano Ronaldo,Portugal,1.0,1.5,1.75,0.0,0.8409090909090909,0.6666666666666666
César Azpilicueta,Spain ,1.139240506329114,8.544303797468356,0.8544303797468354,0.2848101265822785,0.8951612903225806,0.7058823529411765
Daler Kuzyaev,Russia,0.4864864864864865,2.4324324324324325,1.4594594594594597,0.972972972972973,0.8863636363636365,0.5833333333333333
Daley Blind,Netherlands,0.6081081081081081,13.378378378378379,2.1283783783783785,0.30405405405405406,0.9337748344370861,0.6363636363636364
Dani Olmo,Spain,2.7906976744186047,1.3953488372093024,1.744186046511628,1.3953488372093024,0.7741935483870969,0.5294117647058822
Daniel Avramovski,North Macedonia ,0.0,0.0,0.0,0.0,1.0,1.0
Daniel Bachmann,Austria ,0.0,0.23076923076923078,0.0,0.0,1.0,0.5714285714285714
Daniel James,Wales,2.8753993610223643,0.2875399361022364,1.4376996805111821,1.1501597444089455,0.6956521739130433,0.7368421052631577
Daniel O'Shaughnessy,Finland,1.0,1.6666666666666665,0.6666666666666667,0.33333333333333337,0.8181818181818182,0.5416666666666666
Daniel Wass,Denmark ,2.102803738317757,3.364485981308411,2.102803738317757,0.4205607476635514,0.8125000000000001,0.5
Danilo Pereira,Portugal,0.37815126050420167,3.781512605042017,0.7563025210084033,0.0,0.9516129032258065,0.8846153846153847
Danny Ward,Wales,0.0,1.25,0.0,0.0,1.0,0.4659090909090909
Darko Churlinov,North Macedonia,2.25,1.125,1.125,1.125,0.75,1.0
Darko Velkovski,North Macedonia,0.0,1.3636363636363638,0.0,0.0,0.8983050847457626,0.7333333333333334
David Alaba,Austria ,2.3076923076923075,3.923076923076923,0.9230769230769231,0.23076923076923078,0.910958904109589,0.6216216216216216
David Brooks,Wales,0.0,0.0,0.0,0.0,1.0,0.5
David Marshall,Scotland ,0.0,1.3333333333333335,0.0,0.0,1.0,0.41250000000000003
Declan Rice,England,0.24456521739130435,4.646739130434782,0.4891304347826087,0.0,0.9682539682539681,0.8333333333333334
Dedryck Boyata,Belgium ,0.5,2.5,0.0,0.0,1.0,1.0
Dejan Kulusevski,Sweden,3.409090909090909,0.0,1.3636363636363638,0.0,0.7692307692307693,
Dejan Lovren,Croatia,0.0,1.0,0.0,0.0,0.9122807017543858,0.7575757575757576
Denis Cheryshev,Russia ,2.7272727272727275,0.0,0.0,0.0,1.0,
Denis Zakaria,Switzerland,0.0,1.44,0.0,0.0,0.7142857142857143,0.0
Dennis Praet,Belgium,0.0,0.0,0.0,0.0,1.0,
Denzel Dumfries,Netherlands,1.1428571428571428,1.1428571428571428,0.5714285714285714,0.2857142857142857,0.8048780487804877,0.4761904761904761
Diogo Dalot,Portugal,0.0,4.411764705882353,0.8823529411764706,0.0,0.8999999999999999,0.39999999999999997
Diogo Jota,Portugal,1.4018691588785046,1.4018691588785046,0.0,0.0,0.8108108108108109,0.7999999999999999
Djibril Sow,Switzerland,0.0,0.0,0.0,0.0,1.0,0.0
Dmitri Barinov,Russia ,0.0,5.333333333333334,0.0,0.0,0.794871794871795,0.7222222222222222
Domagoj Vida,Croatia,0.0,0.9230769230769231,0.0,0.0,0.9895833333333334,0.8695652173913043
Domenico Berardi,Italy ,3.266129032258065,0.3629032258064516,2.1774193548387095,0.7258064516129032,0.8846153846153847,0.625
Dominic Calvert-Lewin,England,0.0,0.0,0.0,0.0,0.0,
Dominik Livaković,Croatia,0.0,0.23076923076923078,0.0,0.0,1.0,0.5151515151515151
Donyell Malen,Netherlands,3.0201342281879193,0.6040268456375839,1.2080536912751678,0.0,0.8124999999999999,0.5
Dorukhan Toköz,Turkey ,0.0,0.0,0.0,0.0,,
Dries Mertens,Belgium ,0.49723756906077343,1.4917127071823204,0.49723756906077343,0.0,0.6842105263157895,0.19999999999999998
Duje Ćaleta-Car,Croatia ,0.0,1.2857142857142856,0.4285714285714286,0.0,1.0,0.8461538461538463
Dylan Levitt,Wales ,0.0,0.0,0.0,0.0,,
Dávid Hancko,Slovakia ,0.0,12.857142857142856,12.857142857142856,0.0,0.6666666666666666,0.5
Dávid Sigér,Hungary,0.0,0.0,0.0,0.0,0.5,
Eden Hazard,Belgium ,0.7929515418502203,3.5682819383259914,1.1894273127753305,0.39647577092511016,0.8727272727272728,0.888888888888889
Eduard Sobol,Ukraine,0.0,0.0,0.0,0.0,,
Egzon Bejtulai,North Macedonia ,0.0,0.0,0.0,0.0,0.5999999999999999,0.5
Elif Elmas,North Macedonia,0.33333333333333337,2.3333333333333335,0.33333333333333337,0.0,0.9111111111111111,0.909090909090909
Emerson Palmieri,Italy ,0.8823529411764706,1.7647058823529411,0.0,0.0,0.9523809523809526,1.0
Emil Forsberg,Sweden ,1.2195121951219512,2.9268292682926833,1.4634146341463417,0.0,0.8571428571428573,0.5862068965517242
Emil Krafth,Sweden ,0.0,0.0,0.0,0.0,0.6428571428571429,0.37500000000000006
Emre Can,Germany ,0.0,15.428571428571429,2.571428571428571,0.0,1.0,0.6666666666666667
Endre Botka,Hungary,0.0,1.0,0.0,0.0,0.6470588235294119,0.23809523809523808
Enis Bardhi,North Macedonia,1.9230769230769231,4.615384615384615,1.1538461538461537,0.38461538461538464,0.8666666666666666,0.6923076923076923
Eric García,Spain ,0.0,4.5,0.0,0.0,0.9603960396039604,0.8846153846153846
Ethan Ampadu,Wales ,1.2328767123287672,3.698630136986301,1.2328767123287672,0.0,0.875,0.7142857142857143
Ezgjan Alioski,North Macedonia,1.0,3.333333333333333,1.0,0.6666666666666667,0.8,0.4594594594594594
Fabian Schär,Switzerland,0.0,4.712041884816754,0.47120418848167545,0.0,0.9374999999999999,0.7419354838709677
Fabián Ruiz Peña,Spain,0.0,8.873239436619718,1.267605633802817,1.267605633802817,0.8750000000000001,0.8571428571428571
Federico Bernardeschi,Italy ,2.25,0.0,3.375,0.0,0.5,0.0
Federico Chiesa,Italy ,1.814516129032258,0.3629032258064516,1.814516129032258,0.7258064516129032,0.761904761904762,0.6666666666666665
Ferhan Hasani,North Macedonia,0.0,3.9130434782608696,0.0,0.0,0.5,0.5
Ferrán Torres,Spain,1.180327868852459,1.180327868852459,2.360655737704918,1.7704918032786887,0.8333333333333333,0.411764705882353
Filip Helander,Sweden,0.0,0.0,0.0,0.0,,
Florian Grillitsch,Austria ,0.0,6.4,1.2000000000000002,0.4,0.9220779220779222,0.7179487179487178
Francesco Acerbi,Italy,1.1637931034482758,5.431034482758621,0.0,0.0,0.9682539682539681,0.84375
Fredrik Jensen,Finland,0.0,12.857142857142856,0.0,0.0,1.0,
Frenkie de Jong,Netherlands,1.0344827586206897,6.46551724137931,1.0344827586206897,0.0,0.972972972972973,0.7692307692307692
Fyodor Kudryashov,Russia,0.0,1.3636363636363638,0.0,0.0,0.7857142857142858,0.0
Gaetano Castrovilli,Italy,0.0,0.0,0.0,0.0,,
Gareth Bale,Wales,1.52112676056338,3.295774647887324,2.2816901408450705,0.5070422535211268,0.8095238095238094,0.5294117647058825
Georgi Dzhikiya,Russia,0.0,1.6666666666666665,0.33333333333333337,0.0,0.9833333333333334,0.45714285714285724
Georginio Wijnaldum,Netherlands,0.5,2.5,0.5,0.0,0.8837209302325582,0.8
Gerard Moreno,Spain,1.1946902654867257,0.39823008849557523,2.3893805309734515,0.0,0.75,0.5
Gergő Lovrencsics,Hungary,0.9,1.8,1.8,1.8,0.7333333333333334,0.5714285714285714
Giacomo Raspadori,Italy,0.0,0.0,0.0,0.0,0.5,1.0
Gianluigi Donnarumma,Italy ,0.0,0.0,0.0,0.0,0.9642857142857143,0.6119402985074627
Giorgio Chiellini,Italy ,0.4433497536945813,3.103448275862069,0.0,0.0,0.96875,0.7692307692307693
Giovanni Di Lorenzo,Italy ,0.5217391304347826,6.260869565217392,0.782608695652174,0.0,0.9213483146067416,0.6176470588235294
Glen Kamara,Finland,0.6666666666666667,4.0,0.6666666666666667,0.33333333333333337,0.9047619047619048,1.0
Goran Pandev,North Macedonia,1.0887096774193548,1.0887096774193548,0.3629032258064516,0.0,0.8666666666666667,0.8
Granit Xhaka,Switzerland ,1.1538461538461537,8.076923076923077,1.1538461538461537,0.0,0.946969696969697,0.8297872340425532
Grant Hanley,Scotland ,0.0,0.0,0.0,0.0,0.9800000000000001,0.7777777777777779
Grzegorz Krychowiak,Poland,0.0,3.9130434782608696,1.3043478260869565,0.0,0.7500000000000001,0.45454545454545464
Gustav Svensson,Sweden,0.0,0.0,0.0,0.0,,
Hakan Çalhanoğlu,Turkey,2.3773584905660377,3.0566037735849054,1.3584905660377358,0.33962264150943394,0.82,0.6285714285714284
Halil Dervişoğlu,Turkey,0.0,5.806451612903226,2.903225806451613,0.0,1.0,0.0
Hans Vanaken,Belgium ,0.0,0.0,0.0,0.0,,
Haris Seferović,Switzerland,1.424802110817942,0.47493403693931396,0.9498680738786279,0.0,0.7878787878787878,0.5
Harry Kane,England,0.4433497536945813,1.7733990147783252,0.4433497536945813,0.0,0.5384615384615384,0.6923076923076923
Harry Maguire,England ,0.33333333333333337,7.333333333333334,0.6666666666666667,0.0,0.9612403100775194,0.8139534883720929
Harry Wilson,Wales,1.6981132075471697,1.6981132075471697,0.0,0.0,0.7999999999999999,0.5
Heorhiy Bushchan,Ukraine ,0.0,0.1875,0.0,0.0,1.0,0.4878048780487805
Hugo Lloris,France,0.0,0.9230769230769231,0.0,0.0,1.0,0.6379310344827586
Igor Diveev,Russia,0.0,3.2,0.0,0.0,0.9607843137254901,0.627450980392157
Illia Zabarnyi,Ukraine ,0.0,3.0,0.0,0.0,0.9545454545454545,0.76
Ivan Perišić,Croatia,2.4230769230769234,1.7307692307692308,1.0384615384615385,0.34615384615384615,0.7666666666666666,0.411764705882353
Ivan Tričkovski,North Macedonia,0.0,0.0,0.0,0.0,0.7777777777777779,1.0
Jack Grealish,England,2.3076923076923075,1.5384615384615385,2.3076923076923075,0.0,0.8636363636363638,0.33333333333333337
Jack Hendry,Scotland,0.0,1.3636363636363638,1.3636363636363638,0.0,0.9090909090909091,0.6666666666666667
Jadon Sancho,England ,0.0,1.8556701030927836,1.8556701030927836,0.0,0.8749999999999999,1.0
Jakub Brabec,Czech Republic,0.0,10.384615384615385,0.0,0.0,1.0,0.5
Jakub Hromada,Slovakia,0.0,0.7317073170731708,0.0,0.0,0.8888888888888891,0.25
Jakub Jankto,Czech Republic,2.5609756097560976,1.0975609756097562,0.3658536585365854,0.0,0.6451612903225806,0.5714285714285714
Jakub Moder,Poland ,1.0,2.0,0.0,0.0,0.7142857142857143,0.5
Jakub Świerczok,Poland ,0.0,0.0,0.0,0.0,1.0,1.0
Jamal Musiala,Germany ,0.0,0.0,0.0,0.0,1.0,
James Forrest,Scotland,0.0,0.0,0.0,0.0,0.5,0.0
Jan Bednarek,Poland ,0.0,4.090909090909091,0.0,0.0,0.9487179487179486,0.8666666666666668
Jan Bořil,Czech Republic,0.5,3.0,0.75,0.0,0.796875,0.4358974358974359
Jan Vertonghen,Belgium ,0.7803468208092484,4.682080924855492,0.26011560693641617,0.0,0.912751677852349,0.8148148148148147
Jannik Vestergaard,Denmark ,0.47244094488188976,3.779527559055118,0.0,0.0,0.9670329670329669,0.6590909090909092
Jason Denayer,Belgium ,0.0,8.0,0.0,0.0,0.953125,0.8571428571428571
Jens Cajuste,Sweden ,0.0,0.0,0.0,0.0,,
Jens Stryger Larsen,Denmark ,2.8378378378378377,1.6216216216216217,1.6216216216216217,1.6216216216216217,0.8367346938775511,0.4375
Jere Uronen,Finland,1.4457831325301203,1.0843373493975905,2.168674698795181,1.0843373493975905,0.7777777777777778,0.5333333333333332
Jeremy Doku,Belgium,1.6363636363636362,1.0909090909090908,1.6363636363636362,0.0,0.7272727272727272,1.0
Joachim Andersen,Denmark ,0.0,0.0,0.0,0.0,1.0,
Joakim Mæhle,Denmark ,1.2000000000000002,2.8,1.6,0.4,0.8545454545454546,0.6666666666666667
Joe Allen,Wales,0.26706231454005935,2.6706231454005938,0.0,0.0,0.8983050847457626,0.75
Joe Morrell,Wales,1.2080536912751678,2.4161073825503356,0.9060402684563758,0.0,0.8823529411764706,0.8260869565217392
Joe Rodon,Wales,0.25,0.75,0.0,0.0,0.9393939393939394,0.7083333333333334
Joel Pohjanpalo,Finland,0.743801652892562,0.743801652892562,0.0,0.0,0.7692307692307692,0.6666666666666666
John McGinn,Scotland ,0.6666666666666667,3.333333333333333,0.6666666666666667,0.0,0.9230769230769232,0.5
John Stones,England,0.0,2.4657534246575343,0.0,0.0,0.9732620320855613,0.8970588235294118
Jonas Wind,Denmark,2.903225806451613,1.4516129032258065,2.903225806451613,0.0,1.0,1.0
Joni Kauko,Finland,0.0,3.0,1.5,0.0,0.6923076923076923,0.5
Joona Toivio,Finland,0.34090909090909094,0.6818181818181819,0.0,0.0,0.8983050847457626,0.4230769230769231
Jordan Henderson,England ,0.0,4.390243902439025,1.0975609756097562,0.0,0.9411764705882355,0.6
Jordan Pickford,England,0.0,0.4,0.0,0.0,1.0,0.4859813084112149
Jordi Alba,Spain,2.0737327188940093,8.294930875576037,3.1105990783410142,1.2442396313364057,0.8844221105527639,0.7083333333333331
Jorginho,Italy ,0.9698275862068966,8.72844827586207,0.9698275862068966,0.0,0.9825581395348836,0.6857142857142857
Joshua Kimmich,Germany ,1.75,3.2499999999999996,3.2499999999999996,1.25,0.875,0.5365853658536586
Josip Brekalo,Croatia,0.7964601769911505,0.7964601769911505,0.0,0.0,0.7894736842105262,0.8333333333333333
Josip Juranović,Croatia,0.0,0.0,0.5521472392638037,0.5521472392638037,0.9,0.5
José Luis Gayà,Spain ,0.0,2.3684210526315788,1.1842105263157894,1.1842105263157894,0.923076923076923,0.6666666666666666
João Félix,Portugal ,0.0,2.5,2.5,0.0,1.0,0.6666666666666666
João Moutinho,Portugal,2.337662337662338,4.675324675324676,0.0,0.0,0.9361702127659574,0.7058823529411765
João Palhinha,Portugal,0.0,5.901639344262295,0.0,0.0,0.9545454545454545,0.7272727272727273
Joël Veltman,Netherlands,0.0,30.0,30.0,0.0,1.0,1.0
Joško Gvardiol,Croatia,0.24390243902439024,1.7073170731707317,1.4634146341463417,0.4878048780487805,0.8783783783783782,0.5666666666666668
Jude Bellingham,England ,0.0,0.0,0.0,0.0,0.875,1.0
Jukka Raitala,Finland,0.0,0.7114624505928854,0.0,0.0,0.8055555555555555,0.3
Jules Koundé,France ,0.0,3.0,1.0,0.0,0.9333333333333333,0.5
Julian Baumgartlinger,Austria,0.0,0.0,0.0,0.0,1.0,
Juraj Kucka,Slovakia,0.33333333333333337,2.0,0.33333333333333337,0.0,0.7741935483870968,0.7142857142857143
Jurrien Timber,Netherlands,0.0,6.971830985915492,0.0,0.0,1.0,0.8
Ján Greguš,Slovakia ,0.0,0.0,0.0,0.0,,
Kaan Ayhan,Turkey,1.0,5.5,0.5,0.0,0.9818181818181817,0.7916666666666666
Kacper Kozłowski,Poland ,0.0,1.6666666666666665,0.0,0.0,0.8571428571428572,1.0
Kai Havertz,Germany ,1.196013289036545,1.196013289036545,1.7940199335548173,0.0,0.9166666666666666,0.6666666666666666
Kalvin Phillips,England,0.4245283018867924,2.3349056603773586,1.0613207547169812,0.0,0.978494623655914,0.65
Kamil Glik,Poland ,0.33333333333333337,1.6666666666666665,0.0,0.0,0.9340659340659342,0.5652173913043478
Kamil Jóźwiak,Poland ,1.875,1.875,1.125,0.75,0.6976744186046512,0.5
Karim Benzema,France,0.7803468208092484,2.341040462427746,0.26011560693641617,0.0,0.8571428571428572,1.0
Karim Onisiwo,Austria ,0.0,0.0,0.0,0.0,,
Karol Linetty,Poland ,2.278481012658228,3.4177215189873418,0.0,0.0,0.9166666666666666,1.0
Karol Świderski,Poland ,0.5521472392638037,0.5521472392638037,0.5521472392638037,0.0,0.6363636363636365,0.4285714285714286
Kasper Dolberg,Denmark ,0.569620253164557,0.0,0.0,0.0,0.75,0.33333333333333337
Kasper Schmeichel,Denmark ,0.2,0.6000000000000001,0.0,0.0,1.0,0.5652173913043478
Kenan Karaman,Turkey,0.0,0.5625,0.0,0.0,0.46153846153846156,0.0
Kevin De Bruyne,Belgium ,4.317343173431735,6.642066420664206,2.3247232472324724,0.0,0.7377049180327868,0.6590909090909091
Kevin Mbabu,Switzerland,1.25,3.333333333333333,1.6666666666666665,0.41666666666666663,0.7317073170731706,0.631578947368421
Kevin Nisbet,Scotland ,0.0,0.0,0.0,0.0,1.0,
Kevin Varga,Hungary ,0.0,0.0,0.0,0.0,0.5,1.0
Kevin Volland,Germany ,0.0,7.5,0.0,0.0,0.6666666666666666,0.0
Kieffer Moore,Wales,0.0,0.625,0.3125,0.0,0.5454545454545454,0.42857142857142855
Kieran Tierney,Scotland ,0.5,3.5,1.0,0.5,0.8809523809523809,0.6666666666666666
Kieran Trippier,England,1.3106796116504855,3.9320388349514563,2.1844660194174756,0.8737864077669902,0.8382352941176469,0.4705882352941176
Kingsley Coman,France,4.0,1.0,0.0,0.0,0.8124999999999999,0.5
Kire Ristevski,North Macedonia ,0.0,30.0,0.0,0.0,1.0,
Koke,Spain,1.7647058823529411,10.808823529411764,1.1029411764705883,0.4411764705882353,0.9318181818181817,0.7027027027027025
Konrad Laimer,Austria ,0.8108108108108109,1.891891891891892,0.8108108108108109,0.0,0.9310344827586207,0.31578947368421056
Kristoffer Olsson,Sweden ,0.0,4.285714285714286,0.5357142857142857,0.0,0.9180327868852458,0.76
Kyle Walker,England ,0.0,3.5,0.0,0.0,0.9629629629629628,0.7
Kylian Mbappé,France,1.6153846153846152,1.3846153846153846,0.9230769230769231,0.0,0.8378378378378378,0.5714285714285715
Lassi Lappalainen,Finland,0.0,0.0,0.0,0.0,,0.0
Leander Dendoncker,Belgium ,0.0,1.8120805369127515,0.0,0.0,0.8918918918918919,0.6666666666666667
Leandro Trossard,Belgium ,0.0,3.6486486486486487,3.6486486486486487,0.0,0.9090909090909092,0.6
Leo Väisänen,Finland ,0.0,0.0,0.0,0.0,,0.0
Leon Goretzka,Germany ,0.6382978723404256,4.468085106382979,0.0,0.0,0.9142857142857144,0.8333333333333335
Leonardo Bonucci,Italy ,0.20689655172413793,3.7241379310344827,0.0,0.0,0.9785714285714285,0.7757009345794392
Leonardo Spinazzola,Italy ,1.9047619047619047,4.285714285714286,1.4285714285714284,0.9523809523809523,0.8831168831168832,0.7058823529411764
Leroy Sané,Germany ,0.7894736842105263,0.7894736842105263,3.1578947368421053,1.5789473684210527,0.9047619047619049,0.37499999999999994
Liam Cooper,Scotland,1.0,6.0,0.0,0.0,0.9069767441860465,0.631578947368421
Lorenzo Insigne,Italy ,2.972972972972973,2.7027027027027026,3.2432432432432434,0.8108108108108109,0.8028169014084506,0.64
Loris Benito,Switzerland,0.0,0.0,0.0,0.0,1.0,
Louis Schaub,Austria ,6.0,0.0,6.0,0.0,1.0,
Loïc Nego,Hungary,0.4368932038834951,0.4368932038834951,0.4368932038834951,0.0,0.8695652173913042,0.5
Lucas Digne,France ,0.9375,2.8125,1.875,1.875,0.85,0.5
Lucas Hernández,France ,0.0,2.666666666666667,0.0,0.0,0.8666666666666666,0.42857142857142855
Ludwig Augustinsson,Sweden ,0.25787965616045844,1.8051575931232093,0.25787965616045844,0.25787965616045844,0.64,0.30000000000000004
Luka Ivanušec,Croatia,0.0,1.3432835820895521,0.0,0.0,0.7777777777777778,1.0
Luka Modrić,Croatia,1.4099216710182767,5.169712793733682,0.9399477806788512,0.2349869451697128,0.95,0.7166666666666668
Luke Shaw,England,1.8862275449101795,1.347305389221557,1.6167664670658681,0.2694610778443114,0.8333333333333335,0.6923076923076923
Lukáš Haraslín,Slovakia,0.5,0.0,0.0,0.0,0.8181818181818182,0.75
Lukáš Hrádecký,Finland,0.0,0.6666666666666667,0.0,0.0,0.9166666666666667,0.4074074074074074
Lukáš Masopust,Czech Republic,0.8463949843260189,0.8463949843260189,1.128526645768025,0.28213166144200624,0.8,0.5
Luuk de Jong,Netherlands,0.0,7.5,0.0,0.0,0.5,0.0
Lyndon Dykes,Scotland ,1.0465116279069768,1.0465116279069768,0.0,0.0,0.4705882352941176,0.5
László Bénes,Slovakia,6.0,6.0,0.0,0.0,0.8888888888888888,0.5
László Kleinheisler,Hungary,0.728744939271255,0.728744939271255,0.0,0.0,0.85,0.42857142857142866
Maarten Stekelenburg,Netherlands,0.0,0.5,0.0,0.0,1.0,0.4772727272727273
Maciej Rybus,Poland,2.4657534246575343,2.4657534246575343,2.4657534246575343,1.2328767123287672,0.823529411764706,0.5
Magomed Ozdoyev,Russia,0.4285714285714286,3.0,0.8571428571428572,0.8571428571428572,0.689655172413793,0.6923076923076924
Maksim Mukhin,Russia,0.0,3.103448275862069,1.5517241379310345,0.0,0.9,0.5
Manuel Akanji,Switzerland,0.1764705882352941,2.6470588235294117,0.1764705882352941,0.0,0.9655172413793105,0.7291666666666667
Manuel Locatelli,Italy ,1.2735849056603774,6.367924528301887,0.0,0.0,0.8604651162790696,0.8333333333333334
Manuel Neuer,Germany ,0.0,0.25,0.0,0.0,1.0,0.6818181818181818
Marcel Halstenberg,Germany ,3.214285714285714,0.0,3.214285714285714,3.214285714285714,0.6666666666666666,1.0
Marcel Sabitzer,Austria ,1.1538461538461537,3.923076923076923,2.076923076923077,0.6923076923076923,0.8987341772151899,0.6923076923076923
Marcelo Brozović,Croatia,0.9540636042402828,3.498233215547703,0.6360424028268551,0.0,0.8658536585365854,0.8974358974358975
Marco Verratti,Italy ,4.716157205240174,6.681222707423581,1.5720524017467248,0.3930131004366812,0.9727272727272727,0.8333333333333334
Marcos Llorente,Spain,2.132701421800948,6.8246445497630335,2.9857819905213274,0.8530805687203792,0.9230769230769231,0.7499999999999999
Marcus Berg,Sweden ,0.5056179775280899,0.5056179775280899,0.5056179775280899,0.0,0.5,0.5
Marcus Danielsson,Sweden ,0.0,2.690217391304348,0.0,0.0,0.9230769230769231,0.7241379310344827
Marcus Forss,Finland,0.0,0.0,0.0,0.0,,
Marcus Rashford,England,0.0,2.0689655172413794,0.0,0.0,0.7777777777777778,0.8333333333333334
Marcus Thuram,France,9.0,0.0,0.0,0.0,0.5,
Marek Hamšík,Slovakia,1.0588235294117647,2.8235294117647056,0.3529411764705882,0.3529411764705882,0.8269230769230771,0.8108108108108107
Mario Gavranović,Switzerland,1.1612903225806452,1.1612903225806452,0.0,0.0,0.7,1.0
Mario Pašalić,Croatia ,3.75,3.75,1.875,0.0,1.0,0.5
Marko Arnautović,Austria ,1.6589861751152073,0.8294930875576036,1.6589861751152073,0.4147465437788018,0.8421052631578947,0.33333333333333326
Marlos,Ukraine ,0.0,1.2162162162162162,1.2162162162162162,0.0,1.0,0.25
Marten de Roon,Netherlands,0.7659574468085106,5.361702127659575,0.0,0.0,0.8787878787878787,0.6363636363636365
Martin Braithwaite,Denmark ,1.4189189189189189,1.6216216216216217,0.8108108108108109,0.0,0.8653846153846155,0.375
Martin Dúbravka,Slovakia,0.0,0.33333333333333337,0.0,0.0,0.9743589743589746,0.4032258064516128
Martin Hinteregger,Austria ,0.0,3.6923076923076925,0.46153846153846156,0.0,0.8968253968253969,0.5918367346938777
Martin Koscelník,Slovakia ,0.0,0.8823529411764706,1.7647058823529411,0.8823529411764706,0.8333333333333334,0.5555555555555556
Mason Mount,England,1.6666666666666665,2.0,1.6666666666666665,0.0,0.7812499999999998,0.6470588235294119
Mateo Kovačić,Croatia,1.0650887573964496,3.195266272189349,0.5325443786982248,0.0,0.9555555555555556,0.6923076923076923
Mateusz Klich,Poland ,0.4285714285714286,3.428571428571429,0.4285714285714286,0.4285714285714286,0.7941176470588233,0.3333333333333333
Mathias Jensen,Denmark ,1.592920353982301,3.185840707964602,3.185840707964602,0.7964601769911505,0.7941176470588235,0.5294117647058822
Mats Hummels,Germany ,0.5421686746987953,7.3192771084337345,0.8132530120481928,0.0,0.9644970414201184,0.8666666666666665
Matteo Pessina,Italy,1.2413793103448276,2.4827586206896552,0.0,0.0,0.7058823529411765,1.0
Matthias Ginter,Germany ,0.2616279069767442,7.325581395348838,0.5232558139534884,0.0,0.9078947368421051,0.6851851851851852
Matthijs de Ligt,Netherlands,0.0,1.168831168831169,0.0,0.0,0.9444444444444444,0.88
Matvei Safonov,Russia,0.0,0.0,0.0,0.0,1.0,0.6341463414634145
Matěj Vydra,Czech Republic,2.3684210526315788,0.0,0.0,0.0,1.0,0.5
Memphis Depay,Netherlands,1.6615384615384616,3.3230769230769233,2.4923076923076923,0.27692307692307694,0.7560975609756098,0.3125
Merih Demiral,Turkey,0.4,1.6,0.0,0.0,0.9047619047619047,0.6818181818181818
Mert Müldür,Turkey,0.8256880733944955,2.4770642201834865,0.8256880733944955,0.8256880733944955,0.8695652173913043,0.5
Michael Gregoritsch,Austria,0.8256880733944955,0.0,0.8256880733944955,0.0,0.7272727272727272,
Michal Krmenčík,Czech Republic,1.3432835820895521,1.3432835820895521,0.0,0.0,1.0,
Michal Sadílek,Czech Republic ,0.0,0.0,0.0,0.0,,
Michal Ďuriš,Slovakia,0.0,0.0,0.0,0.0,1.0,1.0
Michy Batshuayi,Belgium ,0.0,0.0,0.0,0.0,1.0,
Mikael Lustig,Sweden ,0.2875399361022364,2.587859424920128,0.5750798722044728,0.2875399361022364,0.7749999999999999,0.5
Mikel Oyarzabal,Spain,4.591836734693878,1.8367346938775508,2.7551020408163263,0.9183673469387754,0.9090909090909092,0.8333333333333335
Mikkel Damsgaard,Denmark ,1.7374517374517373,3.4749034749034746,2.0849420849420848,0.694980694980695,0.6341463414634145,0.75
Milan Ristovski,North Macedonia ,0.0,0.0,0.0,0.0,,
Milan Škriniar,Slovakia,0.0,0.33333333333333337,0.0,0.0,0.9638554216867469,0.7272727272727273
Mislav Oršić,Croatia,3.333333333333333,3.333333333333333,1.6666666666666665,1.6666666666666665,0.3333333333333333,0.3333333333333333
Moussa Sissoko,France,2.4324324324324325,0.0,2.4324324324324325,2.4324324324324325,0.625,0.5
Mykola Matviyenko,Ukraine ,0.0,5.812500000000001,0.0,0.0,0.9558011049723757,0.7714285714285715
Mykola Shaparenko,Ukraine ,1.1214953271028036,4.485981308411215,0.0,0.0,0.9583333333333333,0.6666666666666666
Mário Fernandes,Russia,0.0,1.3170731707317074,1.3170731707317074,0.43902439024390244,0.7777777777777778,0.39999999999999997
N'Golo Kanté,France,0.23076923076923078,5.538461538461538,0.23076923076923078,0.0,0.9361702127659574,0.9687499999999999
Nacer Chadli,Belgium,0.9574468085106382,0.9574468085106382,0.9574468085106382,0.0,0.7391304347826086,0.5
Nathan Aké,Netherlands,1.6666666666666665,1.6666666666666665,1.6666666666666665,1.6666666666666665,0.875,1.0
Nathan Patterson,Scotland ,0.0,0.0,0.0,0.0,0.5999999999999999,
Neco Williams,Wales,0.656934306569343,5.912408759124088,0.656934306569343,0.0,0.7619047619047619,0.625
Nemanja Nikolić,Hungary,0.0,0.0,0.0,0.0,1.0,
Nico Elvedi,Switzerland,0.0,2.1176470588235294,0.0,0.0,0.9674796747967479,0.6969696969696969
Nicolai Boilesen,Denmark ,0.0,0.0,0.0,0.0,1.0,
Nicolò Barella,Italy ,1.897590361445783,3.253012048192771,1.897590361445783,0.0,0.8360655737704916,0.85
Niklas Süle,Germany ,0.0,0.0,0.0,0.0,1.0,
Nikola Vlašić,Croatia,0.8866995073891626,1.3300492610837438,0.0,0.0,0.6875,1.0
Nikolai Alho,Finland,0.0,0.0,0.0,0.0,0.5,0.0
Nélson Semedo,Portugal,0.6976744186046512,7.325581395348838,0.3488372093023256,0.0,0.9264705882352939,0.44999999999999996
Okay Yokuşlu,Turkey,0.0,2.6470588235294117,0.0,0.0,0.8387096774193546,1.0
Oleksandr Karavayev,Ukraine ,0.9375,2.0625,0.75,0.0,0.883495145631068,0.6976744186046512
Oleksandr Zinchenko,Ukraine ,0.75,2.625,1.125,0.375,0.78,0.7
Oleksandr Zubkov,Ukraine ,0.0,0.0,0.0,0.0,1.0,
Olivier Giroud,France,2.142857142857143,0.0,2.142857142857143,0.0,0.0,1.0
Ondrej Duda,Slovakia,1.607142857142857,2.0089285714285716,0.8035714285714285,0.0,0.8965517241379309,0.75
Ondřej Čelůstka,Czech Republic,0.0,1.0613207547169812,0.4245283018867924,0.0,0.9078947368421053,0.7192982456140351
Orkun Kökçü,Turkey ,8.181818181818182,16.363636363636363,0.0,0.0,1.0,0.6666666666666667
Ousmane Dembélé,France,2.903225806451613,0.0,0.0,0.0,0.6,0.5
Owen Wijndal,Netherlands,0.0,1.6981132075471697,0.0,0.0,0.8,0.3333333333333333
Ozan Tufan,Turkey,0.5263157894736842,5.789473684210526,1.0526315789473684,0.0,0.8571428571428572,1.0
Pablo Sarabia,Spain,2.134387351778656,1.4229249011857708,1.4229249011857708,0.3557312252964427,0.7500000000000001,0.3846153846153846
Patrick van Aanholt,Netherlands,0.9090909090909092,2.121212121212121,0.6060606060606061,0.0,0.7681159420289854,0.6315789473684211
Patrik Hrošovský,Slovakia ,0.0,0.0,0.9473684210526315,0.9473684210526315,0.9375,0.8181818181818183
Patrik Schick,Czech Republic,0.0,1.5750000000000002,0.45,0.0,0.9117647058823528,0.6666666666666667
Pau Torres,Spain,0.49723756906077343,7.955801104972375,0.0,0.0,0.960352422907489,0.8625
Paul Pogba,France,1.92,7.68,1.6800000000000002,0.24,0.9139784946236559,0.7391304347826088
Paulus Arajuuri,Finland,0.0,0.33333333333333337,0.33333333333333337,0.0,0.975609756097561,0.7857142857142857
Pavel Kadeřábek,Czech Republic ,0.0,3.0,0.0,0.0,0.6666666666666666,0.625
Paweł Dawidowicz,Poland ,0.0,0.0,0.0,0.0,0.0,
Pedri,Spain,1.594488188976378,10.807086614173228,1.594488188976378,0.5314960629921259,0.9235294117647058,0.8833333333333333
Pepe,Portugal,0.0,2.75,0.25,0.0,0.9682539682539684,0.7066666666666667
Peter Pekarík,Slovakia,1.1637931034482758,1.5517241379310345,0.7758620689655172,0.3879310344827586,0.9523809523809524,0.5294117647058825
Petr Ševčík,Czech Republic,1.5789473684210527,1.5789473684210527,0.7894736842105263,0.7894736842105263,0.9354838709677419,0.3529411764705882
Phil Foden,England,0.6818181818181819,0.6818181818181819,0.0,0.0,0.826086956521739,0.8
Philipp Lienhart,Austria,0.0,5.1923076923076925,0.0,0.0,0.9444444444444444,0.7777777777777778
Pierre Bengtsson,Sweden ,0.0,1.875,0.0,0.0,0.5,0.3333333333333333
Pierre Højbjerg,Denmark ,1.8,7.0,2.2,0.2,0.8993288590604026,0.6774193548387097
Piotr Zieliński,Poland ,2.7272727272727275,3.068181818181818,1.7045454545454546,0.34090909090909094,0.7777777777777778,0.4074074074074074
Presnel Kimpembe,France,0.23076923076923078,3.2307692307692304,0.23076923076923078,0.0,0.9675324675324674,0.8787878787878788
Przemysław Frankowski,Poland ,5.294117647058823,0.0,6.352941176470588,4.235294117647059,0.8571428571428571,0.8
Przemysław Płacheta,Poland ,6.923076923076923,0.0,0.0,0.0,0.6666666666666666,0.0
Pyry Soiri,Finland,0.0,5.625,0.0,0.0,1.0,
Péter Gulácsi,Hungary,0.0,0.0,0.0,0.0,1.0,0.4594594594594594
Quincy Promes,Netherlands,0.0,0.0,1.5254237288135593,1.5254237288135593,0.7333333333333334,1.0
Rafa Silva,Portugal ,1.6981132075471697,6.792452830188679,3.3962264150943393,0.0,0.8571428571428571,1.0
Rafael Tolói,Italy ,1.607142857142857,8.035714285714286,0.0,0.0,0.9189189189189189,0.7
Raheem Sterling,England,0.6766917293233082,1.3533834586466165,1.1278195488721803,0.0,0.8510638297872339,0.0
Raphaël Guerreiro,Portugal,1.0,3.5,1.0,0.75,0.8979591836734695,0.6451612903225806
Raphaël Varane,France,0.23076923076923078,7.153846153846153,0.46153846153846156,0.0,0.9712643678160919,0.807017543859649
Rasmus Schüller,Finland,0.0,0.7964601769911505,0.0,0.0,0.7692307692307692,0.6666666666666667
Reece James,England,2.0,5.0,1.0,1.0,1.0,0.75
Remo Freuler,Switzerland,0.9803921568627452,3.5294117647058822,0.5882352941176471,0.0,0.9509803921568627,0.6874999999999999
Renato Sanches,Portugal,1.2328767123287672,9.041095890410958,2.4657534246575343,1.2328767123287672,0.9682539682539681,0.8181818181818181
Ricardo Rodríguez,Switzerland,1.8907563025210086,3.781512605042017,1.134453781512605,0.37815126050420167,0.8434782608695652,0.5396825396825397
Rifat Zhemaletdinov,Russia,0.0,1.5,0.0,0.0,0.75,0.0
Robert Lewandowski,Poland ,1.0,1.3333333333333335,1.0,0.0,0.8260869565217392,0.5
Robin Gosens,Germany ,1.419558359621451,1.135646687697161,1.7034700315457414,1.135646687697161,0.8372093023255816,0.6000000000000001
Robin Lod,Finland,1.003717472118959,1.3382899628252787,1.003717472118959,0.0,0.8666666666666666,0.5714285714285713
Robin Olsen,Sweden ,0.0,0.23076923076923078,0.0,0.0,0.9444444444444443,0.2736842105263158
Robin Quaison,Sweden ,0.0,0.7086614173228346,0.0,0.0,0.33333333333333337,0.0
Rodri,Spain,1.0227272727272727,10.227272727272727,0.0,0.0,0.9142857142857143,0.9666666666666667
Roland Sallai,Hungary,1.5,0.75,0.75,0.0,0.7272727272727273,0.5
Roland Varga,Hungary,0.0,30.0,0.0,0.0,1.0,0.0
Roman Bezus,Ukraine ,0.0,0.0,0.0,0.0,1.0,
Roman Yaremchuk,Ukraine ,0.4195804195804196,1.048951048951049,0.4195804195804196,0.0,0.782608695652174,0.875
Roman Zobnin,Russia,0.371900826446281,2.231404958677686,0.371900826446281,0.0,0.8181818181818182,0.736842105263158
Romelu Lukaku,Belgium ,0.6094808126410836,0.4063205417607223,0.8126410835214446,0.0,0.6521739130434783,0.5
Ruben Vargas,Switzerland,1.0588235294117647,1.0588235294117647,0.5294117647058824,0.0,0.8333333333333334,0.3636363636363636
Rui Patrício,Portugal,0.0,0.0,0.0,0.0,1.0,0.45714285714285713
Ruslan Malinovskyi,Ukraine ,2.852112676056338,2.852112676056338,2.2183098591549295,0.0,0.7843137254901961,0.7083333333333333
Ryan Christie,Scotland,2.0,0.0,4.0,0.0,1.0,0.5
Ryan Fraser,Scotland ,2.0,2.0,2.0,2.0,0.875,0.3333333333333333
Ryan Gravenberch,Netherlands ,0.8411214953271028,6.728971962616822,2.5233644859813085,0.0,0.9069767441860465,0.6000000000000001
Róbert Mak,Slovakia,0.391304347826087,1.9565217391304348,0.0,0.0,1.0,0.5454545454545453
Rúben Dias,Portugal,0.0,3.75,0.5,0.0,0.9935064935064936,0.8048780487804879
Rúben Neves,Portugal,0.0,0.0,0.0,0.0,1.0,1.0
Salvatore Sirigu,Italy,0.0,0.0,0.0,0.0,1.0,
Sasa Kalajdzic,Austria ,0.8035714285714285,2.4107142857142856,1.607142857142857,0.0,0.7692307692307693,1.0
Scott McKenna,Scotland ,0.0,1.5517241379310345,0.0,0.0,0.7777777777777778,0.7999999999999999
Scott McTominay,Scotland ,0.0,2.3333333333333335,0.0,0.0,0.9411764705882353,0.7333333333333334
Seb Larsson,Sweden ,0.7377049180327869,3.4426229508196724,0.9836065573770492,0.2459016393442623,0.7872340425531915,0.5161290322580645
Serge Gnabry,Germany ,0.36144578313253006,1.0843373493975905,0.0,0.0,0.8260869565217391,0.5
Sergio Busquets,Spain ,1.2371134020618557,8.659793814432991,1.2371134020618557,0.0,0.9173553719008264,0.8611111111111112
Serhiy Kryvtsov,Ukraine,0.0,0.0,0.0,0.0,1.0,0.896551724137931
Serhiy Sydorchuk,Ukraine ,0.24193548387096775,3.870967741935484,0.0,0.0,0.9605263157894737,0.7407407407407407
Silvan Widmer,Switzerland,0.0,2.4489795918367347,0.6122448979591837,0.0,0.8627450980392157,0.4444444444444445
Simon Kjær,Denmark ,0.22058823529411764,2.4264705882352944,0.0,0.0,0.944954128440367,0.7142857142857143
Stanislav Lobotka,Slovakia,0.0,2.0,0.0,0.0,0.8888888888888888,1.0
Stefan Ilsanker,Austria ,0.0,0.0,0.0,0.0,0.8,1.0
Stefan Lainer,Austria ,0.0,1.8798955613577024,0.4699738903394256,0.4699738903394256,0.8354430379746834,0.44117647058823534
Stefan Ristovski,North Macedonia,0.0,1.6666666666666665,0.0,0.0,0.8253968253968254,0.5862068965517241
Stefan Spirovski,North Macedonia ,0.0,4.0,0.0,0.0,0.8333333333333334,1.0
Stefan de Vrij,Netherlands,0.2857142857142857,4.285714285714286,0.0,0.0,0.9761904761904763,0.8181818181818181
Stephen O'Donnell,Scotland ,1.0756972111553784,1.792828685258964,0.7171314741035857,0.35856573705179284,0.6226415094339623,0.6923076923076923
Steven Berghuis,Netherlands,3.2727272727272725,3.2727272727272725,1.6363636363636362,0.0,0.8181818181818181,0.25
Steven Zuber,Switzerland,1.9014084507042253,1.267605633802817,0.9507042253521126,0.6338028169014085,0.8043478260869564,0.33333333333333337
Stole Dimitrievski,North Macedonia,0.33333333333333337,1.0,0.0,0.0,1.0,0.619047619047619
Stuart Armstrong,Scotland ,1.2000000000000002,3.0,2.4000000000000004,0.6000000000000001,0.8928571428571428,0.7142857142857143
Szabolcs Schön,Hungary ,0.0,0.0,0.0,0.0,,0.0
Sérgio Oliveira,Portugal,0.0,16.875,5.625,0.0,1.0,0.6
Tamás Cseri,Hungary,0.0,0.0,0.0,0.0,,
Taras Stepanenko,Ukraine ,0.4891304347826087,2.4456521739130435,0.0,0.0,0.85,0.6666666666666665
Teemu Pukki,Finland,1.134453781512605,0.7563025210084033,1.134453781512605,0.37815126050420167,0.7272727272727272,1.0
Thiago Alcántara,Spain,3.3962264150943393,10.18867924528302,1.6981132075471697,0.0,0.9333333333333333,0.7777777777777779
Thibaut Courtois,Belgium ,0.0,0.0,0.0,0.0,1.0,0.6341463414634145
Thomas Delaney,Denmark ,0.972972972972973,4.621621621621622,1.945945945945946,0.972972972972973,0.9411764705882354,0.5897435897435896
Thomas Lemar,France ,22.5,0.0,22.5,22.5,1.0,0.5
Thomas Meunier,Belgium ,0.8206686930091185,1.9148936170212765,0.2735562310030395,0.0,0.775,0.45454545454545464
Thomas Müller,Germany ,1.2328767123287672,2.4657534246575343,1.2328767123287672,0.3082191780821918,0.8620689655172413,0.36363636363636365
Thomas Vermaelen,Belgium ,0.0,5.368421052631579,0.3157894736842105,0.0,0.980952380952381,0.9166666666666667
Thorgan Hazard,Belgium ,0.25139664804469275,1.5083798882681565,0.25139664804469275,0.0,0.9082568807339451,0.823529411764706
Tihomir Kostadinov,North Macedonia,1.8,3.6,0.0,0.0,1.0,0.0
Tim Sparv,Finland,0.0,2.706766917293233,0.0,0.0,0.935483870967742,0.7692307692307692
Timo Werner,Germany ,0.0,0.8333333333333333,0.0,0.0,0.7857142857142857,0.0
Timothy Castagne,Belgium,0.0,3.4615384615384617,0.0,0.0,1.0,0.0
Toby Alderweireld,Belgium ,0.0,5.5,0.75,0.0,0.9295774647887324,0.689655172413793
Tomáš Holeš,Czech Republic,0.6040268456375839,2.7181208053691277,0.30201342281879195,0.0,0.7714285714285714,0.6875000000000001
Tomáš Hubočan,Slovakia,1.3688212927756653,2.3954372623574143,1.0266159695817492,0.0,0.8591549295774648,0.5833333333333333
Tomáš Kalas,Czech Republic,0.2,1.6,0.2,0.0,0.9459459459459459,0.7333333333333334
Tomáš Pekhart,Czech Republic,0.0,0.0,0.0,0.0,,
Tomáš Souček,Czech Republic,0.8,2.6,0.2,0.0,0.8235294117647058,0.7954545454545454
Tomáš Suslov,Slovakia,0.0,0.0,0.0,0.0,1.0,1.0
Tomáš Vaclík,Czech Republic,0.0,0.0,0.0,0.0,1.0,0.3980582524271845
Toni Kroos,Germany ,1.5,16.0,1.25,0.0,0.9349112426035503,0.7878787878787877
Tyler Roberts,Wales,0.0,0.0,0.0,0.0,1.0,
Tymoteusz Puchacz,Poland ,0.0,1.776315789473684,0.5921052631578947,0.5921052631578947,0.5789473684210527,0.375
Tyrone Mings,England,0.46875,1.40625,0.0,0.0,1.0,0.7142857142857143
Umut Meraş,Turkey,0.0,1.6770186335403727,1.1180124223602483,0.5590062111801242,0.8333333333333334,0.7777777777777777
Unai Simón,Spain,0.0,0.1764705882352941,0.0,0.0,0.9879518072289157,0.7954545454545455
Uğurcan Çakır,Turkey,0.0,0.33333333333333337,0.33333333333333337,0.0,1.0,0.4482758620689655
Valentino Lazaro,Austria ,8.571428571428571,8.571428571428571,4.285714285714286,4.285714285714286,0.8,1.0
Victor Lindelöf,Sweden ,0.23076923076923078,3.0,0.23076923076923078,0.0,0.9528301886792454,0.7234042553191489
Viktor Claesson,Sweden ,0.0,3.13953488372093,0.0,0.0,0.6,0.6666666666666667
Viktor Tsyhankov,Ukraine,1.267605633802817,1.267605633802817,1.267605633802817,0.0,0.8095238095238094,0.6666666666666667
Visar Musliu,North Macedonia,0.6792452830188679,0.33962264150943394,0.0,0.0,0.9166666666666666,0.8500000000000001
Vitaliy Mykolenko,Ukraine ,0.2542372881355932,0.7627118644067796,0.5084745762711864,0.2542372881355932,0.8804347826086958,0.5833333333333334
Vladimír Coufal,Czech Republic,1.4,3.4,2.2,1.0,0.6833333333333335,0.40909090909090906
Vladimír Darida,Czech Republic,0.728744939271255,2.91497975708502,1.0931174089068827,0.0,0.7959183673469387,0.6190476190476191
Vladimír Weiss,Slovakia,0.0,5.0,0.0,0.0,0.7777777777777778,1.0
Vlatko Stojanovski,North Macedonia,0.0,0.0,0.0,0.0,1.0,
Vyacheslav Karavayev,Russia,0.656934306569343,0.656934306569343,0.0,0.0,0.8064516129032259,0.0
Willi Orban,Hungary,0.0,0.33333333333333337,0.0,0.0,0.9574468085106383,0.5714285714285714
William Carvalho,Portugal ,0.0,7.226277372262774,0.656934306569343,0.0,0.8974358974358976,0.8
Wojciech Szczęsny,Poland ,0.0,0.33333333333333337,0.0,0.0,1.0,0.425531914893617
Wout Weghorst,Netherlands,1.3989637305699483,0.0,0.46632124352331605,0.0,0.5,1.0
Xaver Schlager,Austria ,1.2261580381471389,4.659400544959128,0.7356948228882834,0.0,0.8360655737704917,0.6956521739130435
Xherdan Shaqiri,Switzerland,2.459016393442623,3.1967213114754096,1.2295081967213115,0.2459016393442623,0.7413793103448276,0.5319148936170214
Yann Sommer,Switzerland,0.0,0.0,0.0,0.0,0.9803921568627452,0.5894736842105263
Yannick Carrasco,Belgium ,0.6521739130434783,2.608695652173913,0.0,0.0,0.7272727272727274,0.4444444444444445
Yevhen Makarenko,Ukraine,0.0,11.88679245283019,0.0,0.0,0.9545454545454546,1.0
Youri Tielemans,Belgium ,0.5325443786982248,3.994082840236686,0.7988165680473372,0.2662721893491124,0.8709677419354839,0.7931034482758621
Yuri Zhirkov,Russia ,0.0,2.142857142857143,0.0,0.0,0.8333333333333334,0.4
Yussuf Poulsen,Denmark ,2.240663900414938,1.120331950207469,0.7468879668049793,0.37344398340248963,0.5294117647058824,0.5
Yusuf Yazıcı,Turkey,4.615384615384615,3.8461538461538463,2.3076923076923075,2.3076923076923075,0.9500000000000001,0.7500000000000001
Zeki Çelik,Turkey,0.6666666666666667,3.666666666666667,0.33333333333333337,0.0,0.75,0.619047619047619
Ádám Nagy,Hungary,0.33707865168539325,1.0112359550561798,0.0,0.0,0.8974358974358975,0.6428571428571428
Ádám Szalai,Hungary,0.4591836734693877,0.4591836734693877,0.4591836734693877,0.0,0.5714285714285714,0.5999999999999999
Álvaro Morata,Spain,0.6923076923076923,0.46153846153846156,0.6923076923076923,0.0,0.8214285714285715,0.8888888888888888
Çağlar Söyüncü,Turkey,0.0,3.0,0.0,0.0,0.974025974025974,0.7741935483870968
İlkay Gündoğan,Germany ,0.0,9.041095890410958,0.0,0.0,0.9506172839506173,0.9565217391304347
İrfan Kahveci,Turkey,3.185840707964602,2.3893805309734515,0.7964601769911505,0.7964601769911505,0.8500000000000001,0.5
Ľubomír Šatka,Slovakia,0.33333333333333337,1.6666666666666665,0.0,0.0,0.980392156862745,0.875
Šime Vrsaljko,Croatia,1.0,2.0,1.0,1.0,0.8157894736842105,0.4583333333333333
