Player,team_name,TotTouchesper90,TouchMid 3rdper90,TouchAtt 3rdper90,TouchAtt Penper90,DribSuccper90,DribAttper90,#Playerslostper90,nutMegsper90,Carriesper90,CarryTotDistper90,CarryPrgDistper90,CarryProgper90,Carry1/3per90,CPAper90
Aaron Ramsey,Wales,50.48158640226629,25.495750708215297,18.611898016997166,4.589235127478753,0.764872521246459,1.274787535410765,0.764872521246459,0.0,32.63456090651558,187.90368271954677,77.76203966005666,2.54957507082153,1.019830028328612,0.509915014164306
Adam Hložek,Czech Republic ,38.25,14.625,21.375,4.5,0.0,1.125,0.0,0.0,24.750000000000004,212.62499999999997,149.625,6.75,2.25,0.0
Adama Traoré,Spain ,122.14285714285715,32.142857142857146,90.0,32.142857142857146,12.857142857142856,32.142857142857146,12.857142857142856,0.0,122.14285714285715,655.7142857142857,572.1428571428571,25.71428571428571,0.0,6.428571428571428
Admir Mehmedi,Switzerland ,78.75,38.25,36.0,6.75,0.0,0.0,0.0,0.0,42.75,146.25,40.5,2.25,0.0,0.0
Adrien Rabiot,France,68.98026315789474,37.598684210526315,21.019736842105264,1.4802631578947367,0.5921052631578947,0.5921052631578947,0.5921052631578947,0.29605263157894735,52.10526315789474,323.5855263157895,176.7434210526316,6.809210526315789,4.144736842105263,0.0
Albin Ekdal,Sweden ,41.16279069767442,23.953488372093023,6.976744186046512,0.23255813953488372,0.0,0.6976744186046512,0.23255813953488372,0.0,23.25581395348837,106.9767441860465,41.627906976744185,2.325581395348837,0.6976744186046512,0.0
Aleksandar Dragović,Austria ,71.89349112426035,41.27218934911242,3.195266272189349,0.5325443786982248,0.5325443786982248,0.5325443786982248,0.5325443786982248,0.0,45.532544378698226,220.20710059171597,124.88165680473374,4.792899408284024,1.0650887573964496,0.0
Aleksandar Trajkovski,North Macedonia,46.03448275862069,23.793103448275865,20.17241379310345,3.103448275862069,1.0344827586206897,3.6206896551724137,1.0344827586206897,0.0,40.3448275862069,210.0,95.68965517241381,4.655172413793103,0.5172413793103449,0.5172413793103449
Aleksandr Golovin,Russia,55.00000000000001,24.666666666666668,31.0,3.0,1.6666666666666665,2.0,1.6666666666666665,0.33333333333333337,39.333333333333336,256.66666666666663,131.0,8.0,4.333333333333333,0.6666666666666667
Aleksandr Sobolev,Russia,45.0,25.0,15.0,5.0,5.0,5.0,5.0,0.0,32.5,72.5,20.0,0.0,0.0,0.0
Aleksei Miranchuk,Russia,42.383720930232556,18.837209302325583,21.453488372093023,3.13953488372093,1.0465116279069768,3.13953488372093,1.0465116279069768,0.5232558139534884,31.395348837209305,145.98837209302326,74.82558139534883,2.0930232558139537,0.5232558139534884,0.0
Alessandro Bastoni,Italy,91.0,59.0,14.0,2.0,0.0,0.0,0.0,0.0,62.99999999999999,339.0,247.0,8.0,3.0,0.0
Alessandro Florenzi,Italy ,106.0,54.0,42.0,2.0,0.0,0.0,0.0,0.0,76.0,612.0,415.99999999999994,16.0,2.0,2.0
Alessandro Schöpf,Austria ,56.0,27.0,25.0,3.0,0.0,1.0,0.0,0.0,46.0,268.0,150.0,11.0,1.0,1.0
Alex Král,Czech Republic ,61.653543307086615,39.68503937007874,15.590551181102361,0.7086614173228346,0.0,0.7086614173228346,0.0,0.0,36.8503937007874,191.33858267716536,92.83464566929133,4.251968503937007,1.4173228346456692,0.0
Alexander Isak,Sweden ,30.8411214953271,10.934579439252337,19.906542056074766,5.607476635514018,3.364485981308411,4.205607476635514,3.925233644859813,0.2803738317757009,23.551401869158877,100.65420560747664,63.64485981308411,3.364485981308411,1.4018691588785046,0.8411214953271028
Andrea Belotti,Italy ,32.72727272727273,17.532467532467532,15.194805194805195,5.259740259740259,1.168831168831169,2.337662337662338,1.168831168831169,0.0,18.116883116883116,50.259740259740255,26.883116883116884,2.337662337662338,1.168831168831169,0.5844155844155845
Andreas Christensen,Denmark ,60.95454545454545,41.11363636363637,3.2727272727272725,0.6136363636363636,0.0,0.0,0.0,0.0,38.86363636363637,179.38636363636363,96.54545454545455,4.090909090909091,0.6136363636363636,0.0
Andreas Cornelius,Denmark ,48.68852459016394,19.18032786885246,29.508196721311474,13.278688524590164,4.426229508196721,4.426229508196721,4.426229508196721,0.0,36.885245901639344,243.44262295081967,156.3934426229508,5.901639344262295,2.9508196721311477,0.0
Andreas Skov Olsen,Denmark,66.85714285714286,25.71428571428571,36.0,10.285714285714285,2.571428571428571,7.714285714285714,2.571428571428571,0.0,46.28571428571428,149.14285714285714,69.42857142857143,2.571428571428571,2.571428571428571,2.571428571428571
Andreas Ulmer,Austria,49.50000000000001,22.0,24.0,1.5,1.5,1.5,1.5,0.5,36.0,150.5,86.0,3.0,1.0,0.5
Andrei Semyonov,Russia ,60.0,31.0,1.0,0.0,0.0,0.0,0.0,0.0,34.0,189.0,57.0,1.0,0.0,0.0
Andrej Kramarić,Croatia,35.84070796460177,19.513274336283185,14.336283185840708,3.185840707964602,1.1946902654867257,1.1946902654867257,1.1946902654867257,0.0,23.49557522123894,151.72566371681415,85.2212389380531,3.584070796460177,0.7964601769911505,0.7964601769911505
Andrew Robertson,Scotland ,61.0,32.66666666666667,22.0,1.0,1.3333333333333335,1.6666666666666665,1.3333333333333335,0.0,32.333333333333336,242.66666666666666,138.0,5.333333333333334,2.666666666666667,0.0
Andriy Yarmolenko,Ukraine ,44.7972972972973,19.66216216216216,23.310810810810814,5.878378378378378,1.2162162162162162,1.8243243243243243,1.6216216216216217,0.20270270270270271,32.83783783783784,191.55405405405406,119.5945945945946,6.6891891891891895,2.0270270270270268,1.8243243243243243
András Schäfer,Hungary,37.10526315789474,16.57894736842105,7.894736842105263,0.7894736842105263,0.7894736842105263,1.5789473684210527,0.7894736842105263,0.39473684210526316,21.710526315789473,117.63157894736842,69.07894736842105,2.3684210526315788,1.1842105263157894,0.0
André Silva,Portugal ,43.84615384615385,13.846153846153847,32.30769230769231,18.46153846153846,0.0,4.615384615384615,0.0,0.0,25.384615384615383,115.3846153846154,80.76923076923077,6.923076923076923,2.3076923076923075,2.3076923076923075
Ante Budimir,Croatia,25.71428571428571,8.571428571428571,15.0,6.428571428571428,0.0,2.142857142857143,0.0,0.0,15.0,126.42857142857142,36.42857142857143,2.142857142857143,0.0,0.0
Ante Rebić,Croatia,31.818181818181817,14.090909090909092,13.636363636363637,2.7272727272727275,0.4545454545454546,2.2727272727272725,0.4545454545454546,0.0,16.81818181818182,84.0909090909091,51.81818181818182,3.1818181818181817,0.9090909090909092,0.4545454545454546
Antoine Griezmann,France,58.38526912181303,27.28045325779037,28.810198300283286,1.529745042492918,0.764872521246459,0.764872521246459,0.764872521246459,0.0,40.538243626062325,171.58640226628896,85.66572237960341,4.589235127478753,2.54957507082153,0.0
Anton Shunin,Russia ,31.0,0.0,0.0,0.0,0.0,0.0,0.0,0.0,17.0,82.0,36.0,0.0,0.0,0.0
Antonio Rüdiger,Germany ,81.25,50.25,6.25,1.0,0.0,0.25,0.0,0.0,62.75,316.75,192.75,5.5,2.25,0.0
Antonín Barák,Czech Republic,60.0,31.9672131147541,26.065573770491802,0.4918032786885246,1.9672131147540983,3.4426229508196724,1.9672131147540983,0.0,44.26229508196721,241.47540983606558,109.67213114754098,5.40983606557377,2.9508196721311477,0.0
Arijan Ademi,North Macedonia,44.103585657370516,25.458167330677295,5.7370517928286855,1.0756972111553784,1.0756972111553784,1.0756972111553784,1.0756972111553784,0.0,31.55378486055777,185.73705179282868,105.05976095617531,3.2270916334661357,0.7171314741035857,0.7171314741035857
Artem Besyedin,Ukraine,38.91891891891892,21.891891891891895,19.45945945945946,2.4324324324324325,0.0,0.0,0.0,0.0,24.324324324324326,172.7027027027027,109.45945945945947,4.864864864864865,0.0,2.4324324324324325
Artem Dovbyk,Ukraine ,54.0,24.0,30.0,24.0,0.0,0.0,0.0,0.0,24.0,288.0,138.0,12.0,6.0,0.0
Artem Dzyuba,Russia,39.54545454545455,15.34090909090909,22.15909090909091,7.159090909090909,0.34090909090909094,1.3636363636363638,0.34090909090909094,0.0,16.022727272727273,52.84090909090909,26.25,1.0227272727272727,0.0,0.6818181818181819
Attila Fiola,Hungary,47.04545454545455,16.022727272727273,10.568181818181818,2.0454545454545454,0.6818181818181819,1.7045454545454546,0.6818181818181819,0.0,20.454545454545453,64.77272727272728,21.136363636363637,0.0,0.0,0.0
Attila Szalai,Hungary,51.333333333333336,13.333333333333332,1.0,0.33333333333333337,0.33333333333333337,0.33333333333333337,0.33333333333333337,0.0,26.666666666666664,149.33333333333334,82.66666666666667,1.0,0.33333333333333337,0.0
Axel Witsel,Belgium ,68.54304635761589,42.615894039735096,15.198675496688741,0.5960264900662252,0.5960264900662252,0.5960264900662252,0.5960264900662252,0.0,54.5364238410596,287.88079470198676,88.80794701986756,3.2781456953642385,0.8940397350993378,0.2980132450331126
Aymeric Laporte,Spain,100.41176470588236,69.52941176470588,2.4705882352941178,0.5294117647058824,0.0,0.0,0.0,0.0,77.29411764705881,485.11764705882354,327.70588235294116,11.294117647058822,0.8823529411764706,0.0
Bartosz Bereszyński,Poland ,81.66666666666667,51.333333333333336,12.333333333333334,0.33333333333333337,0.33333333333333337,0.6666666666666667,0.33333333333333337,0.0,49.333333333333336,290.3333333333333,148.0,6.333333333333334,0.6666666666666667,0.0
Ben Davies,Wales,51.054545454545455,21.599999999999998,12.436363636363637,0.9818181818181819,0.0,0.32727272727272727,0.32727272727272727,0.0,23.89090909090909,122.07272727272728,61.85454545454545,2.290909090909091,0.6545454545454545,0.32727272727272727
Benjamin Pavard,France,68.7,38.400000000000006,19.8,0.30000000000000004,0.30000000000000004,0.30000000000000004,0.30000000000000004,0.0,41.4,186.9,127.2,4.800000000000001,0.9,0.0
Bernardo Silva,Portugal,50.25,20.625,26.625,2.25,1.125,1.875,1.5,0.0,36.0,233.625,130.875,7.125,2.25,0.75
Billy Gilmour,Scotland ,61.2,38.400000000000006,13.2,1.2000000000000002,0.0,0.0,0.0,0.0,34.8,202.8,94.8,4.800000000000001,3.6,0.0
Boban Nikolov,North Macedonia,36.0,19.5,13.5,3.0,0.75,0.75,0.75,0.75,25.5,130.5,74.25,3.0,2.25,0.0
Borna Barišić,Croatia,90.0,30.0,21.428571428571427,0.0,0.0,0.0,0.0,0.0,51.42857142857142,334.2857142857143,240.0,8.571428571428571,8.571428571428571,0.0
Breel Embolo,Switzerland,41.671232876712324,22.438356164383563,18.493150684931507,6.904109589041096,1.4794520547945205,3.698630136986301,1.726027397260274,0.0,28.6027397260274,186.65753424657535,130.1917808219178,6.410958904109589,2.219178082191781,1.726027397260274
Bruno Fernandes,Portugal,59.417475728155345,25.339805825242717,31.019417475728158,3.058252427184466,0.4368932038834951,2.621359223300971,1.3106796116504855,0.0,37.57281553398058,187.42718446601944,109.22330097087378,3.495145631067961,0.4368932038834951,0.4368932038834951
Bruno Petković,Croatia,41.860465116279066,27.732558139534884,13.604651162790697,3.662790697674419,0.5232558139534884,0.5232558139534884,0.5232558139534884,0.0,27.732558139534884,132.90697674418604,65.93023255813954,5.232558139534883,2.6162790697674416,0.5232558139534884
Bryan Cristante,Italy ,68.50746268656717,44.32835820895522,8.059701492537313,0.0,1.3432835820895521,1.3432835820895521,1.3432835820895521,0.0,42.98507462686567,217.61194029850745,95.3731343283582,4.029850746268656,1.3432835820895521,0.0
Bukayo Saka,England ,43.50993377483444,21.456953642384107,21.456953642384107,2.384105960264901,1.1920529801324504,2.384105960264901,1.7880794701986755,0.5960264900662252,35.76158940397351,205.03311258278146,125.16556291390728,5.960264900662252,2.384105960264901,0.5960264900662252
Burak Yılmaz,Turkey,31.666666666666668,12.999999999999998,16.333333333333336,6.333333333333334,0.6666666666666667,2.0,1.0,0.0,16.333333333333336,90.66666666666666,50.66666666666667,3.333333333333333,1.0,0.33333333333333337
Callum McGregor,Scotland ,47.20588235294118,31.323529411764703,9.705882352941178,0.0,0.4411764705882353,1.7647058823529411,0.8823529411764706,0.0,37.94117647058823,202.94117647058823,102.35294117647058,2.2058823529411766,0.8823529411764706,0.0
Cengiz Ünder,Turkey,44.56310679611651,19.223300970873787,23.59223300970874,4.805825242718447,2.621359223300971,3.9320388349514563,3.058252427184466,0.0,34.51456310679612,177.81553398058253,120.14563106796118,7.427184466019418,1.7475728155339805,1.7475728155339805
Che Adams,Scotland ,29.15492957746479,10.140845070422536,19.014084507042252,5.492957746478873,1.267605633802817,1.267605633802817,1.267605633802817,0.0,20.704225352112676,129.29577464788733,35.49295774647887,2.535211267605634,0.4225352112676056,0.0
Chris Gunter,Wales ,36.0,9.0,1.0,1.0,0.0,0.0,0.0,0.0,18.0,114.0,25.0,0.0,0.0,0.0
Chris Mepham,Wales,42.66666666666667,15.666666666666666,0.6666666666666667,0.6666666666666667,0.0,0.0,0.0,0.0,20.333333333333332,105.33333333333333,61.33333333333333,0.6666666666666667,0.0,0.0
Christian Benteke,Belgium ,64.28571428571429,38.57142857142857,25.71428571428571,0.0,0.0,0.0,0.0,0.0,38.57142857142857,231.42857142857144,141.42857142857142,12.857142857142856,0.0,0.0
Christian Eriksen,Denmark,75.0,27.857142857142858,47.142857142857146,4.285714285714286,0.0,2.142857142857143,0.0,0.0,38.57142857142857,263.57142857142856,162.85714285714286,6.428571428571428,2.142857142857143,0.0
Christian Fassnacht,Switzerland,44.38356164383561,17.26027397260274,14.794520547945204,0.0,0.0,0.0,0.0,0.0,12.32876712328767,80.13698630136986,33.28767123287671,2.4657534246575343,1.2328767123287672,0.0
Christian Nørgaard,Denmark ,61.07142857142858,37.767857142857146,11.25,1.607142857142857,0.8035714285714285,0.8035714285714285,0.8035714285714285,0.0,40.982142857142854,171.16071428571428,110.89285714285715,4.017857142857143,0.8035714285714285,0.8035714285714285
Christoph Baumgartner,Austria ,46.82926829268293,20.853658536585368,20.121951219512194,5.853658536585367,1.0975609756097562,3.6585365853658534,1.0975609756097562,0.0,32.926829268292686,144.8780487804878,88.53658536585365,4.390243902439025,0.7317073170731708,1.4634146341463417
Christopher Trimmel,Austria ,51.42857142857142,25.71428571428571,0.0,0.0,0.0,0.0,0.0,0.0,0.0,0.0,0.0,0.0,0.0,0.0
Ciro Immobile,Italy ,40.58282208588957,17.66871165644172,22.91411042944785,7.730061349693252,0.27607361963190186,0.8282208588957056,0.27607361963190186,0.0,26.226993865030675,92.20858895705523,43.34355828220859,2.7607361963190185,0.5521472392638037,1.1042944785276074
Clément Lenglet,France,100.0,66.0,2.0,0.0,0.0,0.0,0.0,0.0,62.0,428.0,308.0,14.0,0.0,0.0
Cody Gakpo,Netherlands ,52.5,22.5,22.5,15.0,0.0,7.5,7.5,0.0,45.0,165.0,67.5,7.5,0.0,7.5
Connor Roberts,Wales,40.77669902912621,18.349514563106794,9.611650485436893,1.4563106796116503,0.29126213592233013,0.29126213592233013,0.29126213592233013,0.0,24.174757281553397,86.2135922330097,54.46601941747573,2.9126213592233006,0.5825242718446603,0.5825242718446603
Corentin Tolisso,France ,76.82926829268293,58.170731707317074,14.268292682926829,0.0,0.0,0.0,0.0,0.0,58.170731707317074,204.14634146341461,66.95121951219512,2.1951219512195124,1.0975609756097562,0.0
Cristiano Ronaldo,Portugal,43.75,21.25,25.5,5.25,2.0,2.5,2.0,0.0,29.25,154.0,85.5,5.5,3.5,0.25
César Azpilicueta,Spain ,80.31645569620252,50.41139240506329,15.664556962025317,3.70253164556962,0.0,0.2848101265822785,0.0,0.0,50.12658227848101,195.66455696202533,120.4746835443038,5.1265822784810124,0.569620253164557,0.0
Daler Kuzyaev,Russia,57.89189189189189,30.64864864864865,21.405405405405407,3.4054054054054057,2.4324324324324325,3.4054054054054057,2.4324324324324325,0.0,42.32432432432433,214.54054054054055,111.4054054054054,4.378378378378379,1.945945945945946,0.972972972972973
Daley Blind,Netherlands,101.25,64.45945945945947,7.297297297297297,0.0,0.6081081081081081,0.9121621621621622,0.6081081081081081,0.0,73.58108108108108,362.73648648648646,213.1418918918919,7.601351351351351,0.9121621621621622,0.0
Dani Olmo,Spain,73.95348837209302,26.860465116279066,45.69767441860465,9.418604651162791,2.441860465116279,6.27906976744186,3.13953488372093,0.3488372093023256,52.674418604651166,252.55813953488374,170.2325581395349,10.465116279069766,2.441860465116279,2.441860465116279
Daniel Avramovski,North Macedonia ,45.0,12.857142857142856,6.428571428571428,6.428571428571428,0.0,0.0,0.0,0.0,25.71428571428571,70.71428571428571,0.0,0.0,0.0,0.0
Daniel Bachmann,Austria ,37.84615384615385,0.0,0.0,0.0,0.23076923076923078,0.23076923076923078,0.23076923076923078,0.0,22.153846153846153,78.23076923076923,38.30769230769231,0.0,0.0,0.0
Daniel James,Wales,30.191693290734825,9.201277955271564,17.827476038338656,1.7252396166134185,2.0127795527156547,2.587859424920128,2.0127795527156547,0.2875399361022364,20.702875399361023,137.44408945686902,97.47603833865814,2.8753993610223643,0.8626198083067093,0.5750798722044728
Daniel O'Shaughnessy,Finland,64.33333333333333,25.333333333333336,7.0,0.33333333333333337,0.0,0.0,0.0,0.0,30.0,138.0,64.33333333333333,1.6666666666666665,1.3333333333333335,0.0
Daniel Wass,Denmark ,78.22429906542055,40.794392523364486,26.074766355140184,2.9439252336448596,0.0,0.0,0.0,0.0,47.10280373831775,206.9158878504673,118.17757009345794,7.149532710280373,2.5233644859813085,0.0
Danilo Pereira,Portugal,57.10084033613445,36.30252100840336,5.672268907563025,0.7563025210084033,0.7563025210084033,0.7563025210084033,0.7563025210084033,0.37815126050420167,41.97478991596639,206.47058823529412,91.1344537815126,2.6470588235294117,0.37815126050420167,0.0
Danny Ward,Wales,33.75,0.0,0.0,0.0,0.0,0.0,0.0,0.0,10.25,73.25,47.75,0.0,0.0,0.0
Darko Churlinov,North Macedonia,27.0,13.5,11.25,3.375,2.25,2.25,2.25,0.0,23.625,172.125,97.87499999999999,4.5,2.25,1.125
Darko Velkovski,North Macedonia,52.5,22.15909090909091,0.6818181818181819,0.34090909090909094,0.34090909090909094,0.34090909090909094,0.34090909090909094,0.0,28.295454545454547,106.70454545454545,51.13636363636364,1.0227272727272727,0.0,0.0
David Alaba,Austria ,85.61538461538461,40.84615384615385,22.153846153846153,0.9230769230769231,0.6923076923076923,0.6923076923076923,0.6923076923076923,0.0,57.46153846153846,381.2307692307692,198.46153846153848,6.230769230769231,3.0,0.0
David Brooks,Wales,34.41176470588235,10.588235294117647,21.176470588235293,0.0,0.0,2.6470588235294117,0.0,0.0,15.882352941176471,119.11764705882352,90.0,5.294117647058823,0.0,0.0
David Marshall,Scotland ,40.666666666666664,1.0,0.0,0.0,0.0,0.0,0.0,0.0,19.666666666666668,117.0,72.33333333333333,0.0,0.0,0.0
Declan Rice,England,65.78804347826086,46.46739130434782,6.114130434782608,0.4891304347826087,0.24456521739130435,0.9782608695652174,0.24456521739130435,0.0,43.288043478260875,256.304347826087,93.42391304347827,4.157608695652174,1.7119565217391306,0.0
Dedryck Boyata,Belgium ,95.5,62.5,1.0,0.0,0.5,0.5,0.5,0.0,73.5,324.0,125.0,3.5,0.5,0.0
Dejan Kulusevski,Sweden,45.0,11.59090909090909,34.09090909090909,8.863636363636363,0.6818181818181819,2.7272727272727275,0.6818181818181819,0.0,26.590909090909093,160.9090909090909,107.72727272727273,7.5,1.3636363636363638,2.7272727272727275
Dejan Lovren,Croatia,70.0,29.5,0.5,0.0,0.0,0.0,0.0,0.0,41.5,184.0,94.0,1.5,0.0,0.0
Denis Cheryshev,Russia ,21.81818181818182,10.90909090909091,10.90909090909091,5.454545454545455,0.0,2.7272727272727275,0.0,0.0,13.636363636363637,49.090909090909086,46.36363636363636,2.7272727272727275,2.7272727272727275,0.0
Denis Zakaria,Switzerland,30.959999999999997,14.4,7.92,2.16,0.0,0.72,0.0,0.0,17.28,75.6,41.04,2.16,0.0,0.72
Dennis Praet,Belgium,34.83870967741935,20.32258064516129,17.419354838709676,0.0,0.0,5.806451612903226,0.0,0.0,17.419354838709676,116.12903225806451,58.064516129032256,5.806451612903226,2.903225806451613,0.0
Denzel Dumfries,Netherlands,48.57142857142857,19.42857142857143,22.57142857142857,5.7142857142857135,0.8571428571428572,1.7142857142857144,0.8571428571428572,0.2857142857142857,26.857142857142858,92.0,58.00000000000001,3.428571428571429,0.5714285714285714,0.5714285714285714
Diogo Dalot,Portugal,77.64705882352942,44.11764705882353,23.823529411764707,0.8823529411764706,0.8823529411764706,0.8823529411764706,0.8823529411764706,0.0,56.470588235294116,196.76470588235293,108.52941176470587,4.411764705882353,0.0,0.0
Diogo Jota,Portugal,42.33644859813084,21.30841121495327,21.869158878504674,3.925233644859813,1.1214953271028036,2.2429906542056073,1.1214953271028036,0.0,30.5607476635514,116.35514018691589,60.560747663551396,3.925233644859813,1.4018691588785046,0.0
Djibril Sow,Switzerland,49.787234042553195,24.893617021276597,21.06382978723404,0.0,0.0,0.0,0.0,0.0,26.80851063829787,176.17021276595744,132.12765957446808,5.744680851063829,3.829787234042553,0.0
Dmitri Barinov,Russia ,74.66666666666667,48.666666666666664,10.0,0.6666666666666667,0.6666666666666667,0.6666666666666667,0.6666666666666667,0.6666666666666667,56.66666666666667,326.0,202.66666666666669,12.0,1.3333333333333335,0.0
Domagoj Vida,Croatia,47.07692307692308,17.30769230769231,1.1538461538461537,0.0,0.0,0.0,0.0,0.0,27.461538461538463,115.61538461538463,54.692307692307686,0.23076923076923078,0.46153846153846156,0.0
Domenico Berardi,Italy ,51.532258064516135,13.790322580645162,38.46774193548387,5.806451612903226,0.3629032258064516,1.0887096774193548,0.3629032258064516,0.0,35.927419354838705,248.9516129032258,161.8548387096774,7.983870967741936,2.1774193548387095,1.814516129032258
Dominic Calvert-Lewin,England,28.421052631578945,14.210526315789473,4.7368421052631575,0.0,0.0,0.0,0.0,0.0,14.210526315789473,42.63157894736842,0.0,0.0,0.0,0.0
Dominik Livaković,Croatia,32.76923076923077,0.0,0.0,0.0,0.0,0.0,0.0,0.0,13.615384615384615,63.69230769230769,43.61538461538461,0.0,0.0,0.0
Donyell Malen,Netherlands,45.302013422818796,21.140939597315437,29.59731543624161,6.644295302013424,1.2080536912751678,3.0201342281879193,1.2080536912751678,0.0,33.8255033557047,204.16107382550337,123.22147651006712,4.228187919463087,2.4161073825503356,1.8120805369127515
Dorukhan Toköz,Turkey ,108.0,36.0,36.0,0.0,0.0,0.0,0.0,0.0,72.0,72.0,18.0,0.0,0.0,0.0
Dries Mertens,Belgium ,32.81767955801105,14.419889502762432,12.92817679558011,1.9889502762430937,0.0,0.9944751381215469,0.0,0.0,21.87845303867403,88.50828729281768,57.67955801104973,2.4861878453038675,0.49723756906077343,0.0
Duje Ćaleta-Car,Croatia ,49.28571428571429,19.285714285714285,0.0,0.0,0.0,0.0,0.0,0.0,27.0,125.99999999999999,78.42857142857143,1.7142857142857144,0.0,0.0
Dylan Levitt,Wales ,36.0,0.0,0.0,0.0,0.0,0.0,0.0,0.0,0.0,0.0,0.0,0.0,0.0,0.0
Dávid Hancko,Slovakia ,167.14285714285714,77.14285714285714,51.42857142857142,38.57142857142857,0.0,0.0,0.0,0.0,77.14285714285714,1118.5714285714287,964.2857142857142,0.0,0.0,0.0
Dávid Sigér,Hungary,55.38461538461539,48.46153846153846,0.0,0.0,0.0,0.0,0.0,0.0,20.76923076923077,41.53846153846154,0.0,0.0,0.0,0.0
Eden Hazard,Belgium ,68.98678414096916,36.47577092511013,32.907488986784145,4.757709251101322,3.9647577092511015,5.5506607929515415,3.9647577092511015,0.7929515418502203,63.436123348017624,348.89867841409693,201.80616740088104,11.101321585903083,2.7753303964757707,0.39647577092511016
Eduard Sobol,Ukraine,0.0,0.0,0.0,0.0,0.0,0.0,0.0,0.0,0.0,0.0,0.0,0.0,0.0,0.0
Egzon Bejtulai,North Macedonia ,41.785714285714285,16.071428571428573,6.428571428571428,0.0,0.0,0.0,0.0,0.0,16.071428571428573,54.64285714285714,32.142857142857146,0.0,0.0,0.0
Elif Elmas,North Macedonia,46.333333333333336,27.0,13.333333333333332,2.0,1.6666666666666665,3.666666666666667,2.3333333333333335,0.6666666666666667,36.0,248.0,145.66666666666666,5.333333333333334,2.0,0.33333333333333337
Emerson Palmieri,Italy ,52.05882352941177,28.235294117647058,15.0,2.6470588235294117,0.8823529411764706,0.8823529411764706,0.8823529411764706,0.0,37.05882352941176,123.52941176470588,69.70588235294117,3.5294117647058822,0.8823529411764706,0.0
Emil Forsberg,Sweden ,47.80487804878049,22.68292682926829,23.902439024390244,2.6829268292682924,0.975609756097561,1.951219512195122,1.2195121951219512,0.0,34.146341463414636,196.34146341463418,98.53658536585365,7.317073170731707,2.1951219512195124,0.24390243902439024
Emil Krafth,Sweden ,47.30769230769231,17.30769230769231,8.076923076923077,0.0,0.0,0.0,0.0,0.0,17.30769230769231,35.76923076923077,15.0,0.0,0.0,0.0
Emre Can,Germany ,125.99999999999999,100.28571428571429,15.428571428571429,0.0,0.0,0.0,0.0,0.0,92.57142857142856,663.4285714285714,257.14285714285717,10.285714285714285,5.142857142857142,0.0
Endre Botka,Hungary,36.666666666666664,13.666666666666666,1.3333333333333335,0.0,1.0,1.0,1.0,0.33333333333333337,20.666666666666668,97.99999999999999,61.0,1.3333333333333335,0.0,0.0
Enis Bardhi,North Macedonia,56.92307692307692,33.07692307692308,13.461538461538462,0.38461538461538464,1.5384615384615385,3.4615384615384617,1.9230769230769231,0.38461538461538464,45.38461538461539,242.6923076923077,147.69230769230768,3.4615384615384617,1.1538461538461537,0.0
Eric García,Spain ,105.42857142857143,77.78571428571429,1.2857142857142856,0.6428571428571428,0.0,0.0,0.0,0.0,79.71428571428571,529.7142857142858,384.42857142857144,10.285714285714285,0.0,0.0
Ethan Ampadu,Wales ,50.54794520547945,19.726027397260275,6.164383561643835,1.2328767123287672,0.0,0.0,0.0,0.0,24.65753424657534,166.43835616438358,101.0958904109589,4.931506849315069,0.0,0.0
Ezgjan Alioski,North Macedonia,72.33333333333333,34.666666666666664,23.0,2.0,0.6666666666666667,2.3333333333333335,0.6666666666666667,0.33333333333333337,39.66666666666667,219.33333333333334,176.33333333333334,7.0,3.333333333333333,0.0
Fabian Schär,Switzerland,68.32460732984293,36.282722513089006,3.7696335078534036,1.8848167539267018,0.0,0.0,0.0,0.0,49.47643979057592,285.5497382198953,175.28795811518324,5.183246073298429,0.47120418848167545,0.0
Fabián Ruiz Peña,Spain,90.0,50.70422535211268,36.76056338028169,1.267605633802817,1.267605633802817,1.267605633802817,1.267605633802817,0.0,70.98591549295774,514.6478873239437,300.4225352112676,12.67605633802817,5.070422535211268,1.267605633802817
Federico Bernardeschi,Italy ,52.875,11.25,40.5,1.125,1.125,1.125,1.125,0.0,38.25,329.625,164.25,10.125,1.125,0.0
Federico Chiesa,Italy ,39.556451612903224,10.887096774193548,27.943548387096776,6.53225806451613,1.814516129032258,4.354838709677419,2.1774193548387095,0.3629032258064516,34.83870967741935,185.44354838709677,123.0241935483871,6.895161290322581,1.0887096774193548,2.1774193548387095
Ferhan Hasani,North Macedonia,43.04347826086957,31.304347826086957,15.652173913043478,3.9130434782608696,0.0,0.0,0.0,0.0,27.39130434782609,168.2608695652174,105.65217391304348,3.9130434782608696,3.9130434782608696,0.0
Ferrán Torres,Spain,49.868852459016395,19.18032786885246,29.80327868852459,3.2459016393442623,0.5901639344262295,2.360655737704918,0.5901639344262295,0.0,39.540983606557376,167.01639344262296,94.72131147540983,6.491803278688525,1.180327868852459,0.0
Filip Helander,Sweden,18.0,0.0,0.0,0.0,0.0,0.0,0.0,0.0,9.0,36.0,13.5,0.0,0.0,0.0
Florian Grillitsch,Austria ,75.6,49.199999999999996,8.4,0.0,0.8,1.2000000000000002,1.2000000000000002,0.4,52.4,349.2,144.0,4.800000000000001,1.2000000000000002,0.0
Francesco Acerbi,Italy,73.70689655172414,44.224137931034484,5.431034482758621,0.7758620689655172,0.3879310344827586,0.3879310344827586,0.3879310344827586,0.0,46.55172413793104,292.1120689655172,164.0948275862069,6.982758620689656,2.7155172413793105,0.0
Fredrik Jensen,Finland,38.57142857142857,25.71428571428571,12.857142857142856,0.0,0.0,0.0,0.0,0.0,12.857142857142856,270.0,167.14285714285714,12.857142857142856,0.0,0.0
Frenkie de Jong,Netherlands,79.13793103448276,51.98275862068965,22.758620689655174,1.0344827586206897,1.8103448275862069,2.0689655172413794,2.0689655172413794,0.0,60.258620689655174,369.5689655172414,208.70689655172416,8.275862068965518,4.3965517241379315,0.5172413793103449
Fyodor Kudryashov,Russia,46.36363636363636,17.727272727272727,6.818181818181818,0.0,0.0,0.0,0.0,0.0,15.0,43.63636363636364,13.636363636363637,1.3636363636363638,0.0,0.0
Gaetano Castrovilli,Italy,90.0,22.5,67.5,0.0,0.0,0.0,0.0,0.0,90.0,90.0,0.0,0.0,0.0,0.0
Gareth Bale,Wales,36.0,18.507042253521128,18.0,3.5492957746478875,2.2816901408450705,2.788732394366197,2.2816901408450705,0.0,24.845070422535212,200.0281690140845,101.40845070422536,6.338028169014085,2.2816901408450705,1.0140845070422535
Georgi Dzhikiya,Russia,51.666666666666664,35.0,2.666666666666667,0.0,0.0,0.0,0.0,0.0,35.333333333333336,260.3333333333333,128.0,6.666666666666666,1.3333333333333335,0.0
Georginio Wijnaldum,Netherlands,43.5,19.0,19.75,3.0,1.5,2.25,1.5,0.25,33.0,130.75,60.24999999999999,2.75,1.0,0.0
Gerard Moreno,Spain,60.13274336283186,17.123893805309734,41.415929203539825,11.946902654867257,1.592920353982301,3.185840707964602,1.592920353982301,0.39823008849557523,39.823008849557525,156.10619469026548,76.06194690265487,5.575221238938053,1.1946902654867257,1.592920353982301
Gergő Lovrencsics,Hungary,47.7,20.7,6.300000000000001,0.0,0.0,0.0,0.0,0.0,22.5,95.4,37.8,2.6999999999999997,0.0,0.0
Giacomo Raspadori,Italy,39.375,16.875,22.5,11.25,0.0,0.0,0.0,0.0,16.875,61.875,16.875,5.625,0.0,5.625
Gianluigi Donnarumma,Italy ,32.19665271966527,0.18828451882845187,0.0,0.0,0.0,0.0,0.0,0.0,16.192468619246863,67.78242677824268,32.76150627615063,0.0,0.0,0.0
Giorgio Chiellini,Italy ,71.37931034482759,43.89162561576355,6.206896551724138,0.8866995073891626,0.0,0.0,0.0,0.0,41.23152709359606,212.80788177339903,126.35467980295566,6.206896551724138,0.8866995073891626,0.0
Giovanni Di Lorenzo,Italy ,72.52173913043478,37.565217391304344,12.782608695652174,1.565217391304348,0.0,0.5217391304347826,0.0,0.0,42.26086956521739,245.47826086956522,137.73913043478262,4.695652173913043,1.826086956521739,0.2608695652173913
Glen Kamara,Finland,66.0,36.666666666666664,16.666666666666664,1.0,0.6666666666666667,1.6666666666666665,0.6666666666666667,0.0,51.333333333333336,286.0,152.0,6.0,2.3333333333333335,0.33333333333333337
Goran Pandev,North Macedonia,35.927419354838705,20.32258064516129,14.879032258064516,2.1774193548387095,0.3629032258064516,1.4516129032258065,0.7258064516129032,0.3629032258064516,25.766129032258068,87.09677419354838,32.29838709677419,1.0887096774193548,0.7258064516129032,0.3629032258064516
Granit Xhaka,Switzerland ,81.0,53.07692307692308,10.846153846153847,0.9230769230769231,0.6923076923076923,0.9230769230769231,0.6923076923076923,0.23076923076923078,54.230769230769226,233.53846153846155,110.53846153846155,4.153846153846154,0.23076923076923078,0.0
Grant Hanley,Scotland ,55.613207547169814,26.745283018867923,3.820754716981132,2.1226415094339623,0.8490566037735848,0.8490566037735848,0.8490566037735848,0.0,30.141509433962263,103.16037735849056,26.32075471698113,0.4245283018867924,0.0,0.0
Grzegorz Krychowiak,Poland,66.52173913043478,41.73913043478261,15.0,1.9565217391304348,0.0,0.6521739130434783,0.0,0.0,40.43478260869565,163.69565217391306,72.3913043478261,2.608695652173913,0.6521739130434783,0.0
Gustav Svensson,Sweden,60.0,0.0,0.0,0.0,0.0,0.0,0.0,0.0,0.0,0.0,0.0,0.0,0.0,0.0
Hakan Çalhanoğlu,Turkey,60.11320754716981,29.886792452830186,22.41509433962264,0.6792452830188679,0.6792452830188679,1.0188679245283019,0.6792452830188679,0.0,44.490566037735846,226.86792452830187,111.0566037735849,7.471698113207546,1.6981132075471697,0.0
Halil Dervişoğlu,Turkey,29.032258064516128,8.709677419354838,23.225806451612904,0.0,0.0,2.903225806451613,0.0,0.0,23.225806451612904,92.90322580645162,37.74193548387097,2.903225806451613,0.0,0.0
Hans Vanaken,Belgium ,180.0,180.0,0.0,0.0,0.0,0.0,0.0,0.0,0.0,0.0,0.0,0.0,0.0,0.0
Haris Seferović,Switzerland,31.345646437994723,14.485488126649075,16.385224274406333,4.511873350923483,0.23746701846965698,0.23746701846965698,0.23746701846965698,0.0,19.234828496042216,85.48812664907652,33.245382585751976,2.37467018469657,1.424802110817942,0.712401055408971
Harry Kane,England,32.80788177339902,15.960591133004927,16.625615763546797,4.876847290640394,0.6650246305418719,1.3300492610837438,0.6650246305418719,0.4433497536945813,19.72906403940887,80.6896551724138,34.58128078817734,1.9950738916256159,0.4433497536945813,0.6650246305418719
Harry Maguire,England ,80.66666666666666,49.333333333333336,3.333333333333333,2.0,0.33333333333333337,0.33333333333333337,0.33333333333333337,0.0,60.666666666666664,384.0,218.33333333333334,7.0,1.0,0.0
Harry Wilson,Wales,40.75471698113208,15.283018867924527,10.18867924528302,3.3962264150943393,0.0,1.6981132075471697,0.0,0.0,22.07547169811321,118.86792452830188,69.62264150943396,5.09433962264151,0.0,0.0
Heorhiy Bushchan,Ukraine ,30.0,0.0,0.0,0.0,0.0,0.0,0.0,0.0,12.75,52.12500000000001,26.4375,0.0,0.0,0.0
Hugo Lloris,France,26.07692307692308,0.0,0.0,0.0,0.0,0.0,0.0,0.0,10.846153846153847,55.15384615384616,29.53846153846154,0.0,0.0,0.0
Igor Diveev,Russia,61.599999999999994,34.0,1.6,0.4,0.0,0.0,0.0,0.0,30.799999999999997,137.20000000000002,57.6,2.4000000000000004,0.0,0.0
Illia Zabarnyi,Ukraine ,69.9375,37.875,1.5,0.375,0.375,0.375,0.375,0.0,48.75,270.0,139.5,3.75,0.5625,0.0
Ivan Perišić,Croatia,44.65384615384615,19.038461538461537,20.76923076923077,6.230769230769231,0.34615384615384615,0.6923076923076923,0.6923076923076923,0.0,27.0,206.3076923076923,131.19230769230768,7.961538461538462,1.7307692307692308,2.076923076923077
Ivan Tričkovski,North Macedonia,32.142857142857146,23.14285714285714,10.285714285714285,1.2857142857142856,0.0,0.0,0.0,0.0,21.857142857142858,149.14285714285714,90.0,3.857142857142857,3.857142857142857,0.0
Jack Grealish,England,50.0,25.384615384615383,24.615384615384617,5.384615384615385,0.7692307692307693,0.7692307692307693,0.7692307692307693,0.0,37.69230769230769,364.6153846153846,207.69230769230768,10.76923076923077,3.8461538461538463,3.8461538461538463
Jack Hendry,Scotland,40.90909090909091,21.81818181818182,6.818181818181818,1.3636363636363638,1.3636363636363638,1.3636363636363638,1.3636363636363638,0.0,25.90909090909091,98.18181818181817,54.54545454545455,1.3636363636363638,0.0,0.0
Jadon Sancho,England ,54.74226804123711,30.61855670103093,26.90721649484536,0.9278350515463918,2.783505154639175,3.711340206185567,2.783505154639175,0.0,44.5360824742268,210.61855670103094,78.8659793814433,6.494845360824741,2.783505154639175,0.0
Jakub Brabec,Czech Republic,72.6923076923077,27.692307692307693,0.0,0.0,3.4615384615384617,3.4615384615384617,3.4615384615384617,0.0,45.0,270.0,141.9230769230769,0.0,0.0,0.0
Jakub Hromada,Slovakia,43.170731707317074,20.48780487804878,1.4634146341463417,0.0,0.7317073170731708,1.4634146341463417,1.4634146341463417,0.0,19.75609756097561,98.04878048780488,51.21951219512195,0.7317073170731708,0.7317073170731708,0.0
Jakub Jankto,Czech Republic,48.29268292682927,15.0,27.073170731707318,4.390243902439025,0.3658536585365854,0.3658536585365854,0.3658536585365854,0.0,32.926829268292686,201.95121951219514,107.19512195121952,5.48780487804878,0.7317073170731708,1.0975609756097562
Jakub Moder,Poland ,35.0,18.0,8.0,0.0,2.0,3.0,2.0,0.0,18.0,86.0,27.0,2.0,0.0,0.0
Jakub Świerczok,Poland ,24.0,12.0,12.0,3.0,3.0,3.0,3.0,3.0,18.0,33.0,0.0,0.0,0.0,0.0
Jamal Musiala,Germany ,99.00000000000001,27.0,72.0,9.0,0.0,9.0,0.0,0.0,90.0,125.99999999999999,18.0,0.0,0.0,0.0
James Forrest,Scotland,45.0,22.5,15.0,7.5,15.0,15.0,15.0,7.5,45.0,240.0,127.5,0.0,0.0,0.0
Jan Bednarek,Poland ,64.77272727272728,43.97727272727273,2.3863636363636362,0.6818181818181819,0.0,0.0,0.0,0.0,42.95454545454545,225.0,110.11363636363636,2.3863636363636362,0.34090909090909094,0.0
Jan Bořil,Czech Republic,57.49999999999999,25.75,14.75,1.25,0.25,0.75,0.25,0.0,32.25,153.0,70.25,3.75,1.0,0.0
Jan Vertonghen,Belgium ,88.17919075144509,46.30057803468208,1.5606936416184969,0.5202312138728323,0.5202312138728323,0.5202312138728323,0.5202312138728323,0.0,63.72832369942196,233.3236994219653,101.18497109826589,2.8612716763005777,0.26011560693641617,0.0
Jannik Vestergaard,Denmark ,63.54330708661417,34.01574803149606,6.850393700787402,2.5984251968503935,0.23622047244094488,0.47244094488188976,0.23622047244094488,0.0,40.39370078740157,188.03149606299215,106.53543307086613,2.8346456692913384,1.4173228346456692,0.0
Jason Denayer,Belgium ,87.0,50.0,5.0,0.5,0.0,0.0,0.0,0.0,66.0,294.5,132.0,5.0,1.5,0.0
Jens Cajuste,Sweden ,64.28571428571429,12.857142857142856,0.0,0.0,0.0,12.857142857142856,0.0,0.0,12.857142857142856,0.0,0.0,0.0,0.0,0.0
Jens Stryger Larsen,Denmark ,69.72972972972973,30.0,26.35135135135135,1.6216216216216217,0.40540540540540543,0.40540540540540543,0.40540540540540543,0.0,39.729729729729726,216.8918918918919,113.10810810810811,5.675675675675675,2.0270270270270268,0.0
Jere Uronen,Finland,49.87951807228916,18.795180722891565,14.457831325301205,0.7228915662650601,0.36144578313253006,1.0843373493975905,0.36144578313253006,0.0,28.55421686746988,90.72289156626508,42.28915662650603,2.168674698795181,0.36144578313253006,0.36144578313253006
Jeremy Doku,Belgium,52.36363636363636,13.636363636363637,37.09090909090909,7.636363636363637,5.454545454545455,10.363636363636363,6.0,0.0,48.0,353.45454545454544,289.6363636363636,13.636363636363637,3.2727272727272725,4.909090909090909
Joachim Andersen,Denmark ,45.0,11.25,3.75,3.75,0.0,0.0,0.0,0.0,18.75,93.75,56.25,0.0,0.0,0.0
Joakim Mæhle,Denmark ,70.8,31.400000000000002,30.6,5.3999999999999995,1.6,3.8000000000000003,1.6,0.4,48.800000000000004,299.0,215.2,11.0,2.4000000000000004,2.4000000000000004
Joe Allen,Wales,41.92878338278932,24.836795252225517,7.4777448071216615,1.0682492581602374,0.26706231454005935,0.5341246290801187,0.26706231454005935,0.0,24.3026706231454,138.87240356083086,70.50445103857567,3.7388724035608307,0.8011869436201781,0.26706231454005935
Joe Morrell,Wales,45.0,26.275167785234903,5.436241610738255,0.0,0.0,0.0,0.0,0.0,26.879194630872483,162.18120805369128,74.29530201342283,1.5100671140939597,0.6040268456375839,0.0
Joe Rodon,Wales,40.75,13.5,1.5,1.0,0.0,0.0,0.0,0.0,20.75,91.5,37.5,1.0,0.0,0.0
Joel Pohjanpalo,Finland,26.404958677685954,13.760330578512395,8.553719008264464,4.090909090909091,1.115702479338843,1.859504132231405,1.115702479338843,0.0,17.107438016528928,75.12396694214875,23.057851239669418,1.859504132231405,0.743801652892562,0.743801652892562
John McGinn,Scotland ,42.0,24.333333333333332,14.666666666666668,3.666666666666667,1.6666666666666665,2.3333333333333335,2.0,0.0,24.0,103.99999999999999,48.0,2.0,0.0,0.0
John Stones,England,77.46575342465754,43.76712328767123,1.643835616438356,0.6164383561643836,0.410958904109589,0.410958904109589,0.410958904109589,0.0,59.794520547945204,332.87671232876716,151.23287671232876,2.2602739726027394,0.0,0.0
Jonas Wind,Denmark,33.38709677419355,15.967741935483872,18.870967741935484,10.161290322580644,0.0,0.0,0.0,0.0,17.419354838709676,66.7741935483871,17.419354838709676,0.0,1.4516129032258065,0.0
Joni Kauko,Finland,58.5,31.499999999999996,24.0,0.0,1.5,3.0,1.5,0.0,46.50000000000001,244.5,93.00000000000001,1.5,1.5,0.0
Joona Toivio,Finland,50.79545454545455,17.727272727272727,1.0227272727272727,0.34090909090909094,0.0,0.0,0.0,0.0,26.931818181818183,118.29545454545455,76.36363636363636,1.0227272727272727,0.34090909090909094,0.0
Jordan Henderson,England ,88.90243902439025,57.073170731707314,16.463414634146343,1.0975609756097562,0.0,0.0,0.0,0.0,53.78048780487805,199.75609756097563,25.243902439024392,0.0,0.0,0.0
Jordan Pickford,England,36.800000000000004,0.2,0.0,0.0,0.0,0.0,0.0,0.0,17.4,107.4,61.2,0.0,0.0,0.0
Jordi Alba,Spain,108.87096774193549,54.53917050691244,38.57142857142857,2.0737327188940093,0.2073732718894009,1.2442396313364057,0.2073732718894009,0.2073732718894009,74.65437788018433,212.76497695852532,101.19815668202764,4.56221198156682,0.8294930875576036,0.4147465437788018
Jorginho,Italy ,83.01724137931035,52.95258620689655,16.099137931034484,0.3879310344827586,1.1637931034482758,1.3577586206896552,1.3577586206896552,0.0,59.54741379310345,270.3879310344828,148.1896551724138,6.982758620689656,1.5517241379310345,0.0
Joshua Kimmich,Germany ,73.75,32.25,34.0,1.0,0.25,0.75,0.25,0.0,51.74999999999999,303.75,124.75,7.5,1.75,0.0
Josip Brekalo,Croatia,46.19469026548673,29.469026548672566,15.929203539823009,0.0,0.7964601769911505,1.592920353982301,0.7964601769911505,0.0,30.26548672566372,179.20353982300884,89.20353982300885,3.982300884955752,3.185840707964602,0.0
Josip Juranović,Croatia,55.21472392638037,27.05521472392638,16.56441717791411,0.0,1.1042944785276074,1.1042944785276074,1.1042944785276074,0.0,43.06748466257669,192.6993865030675,118.15950920245399,6.625766871165645,2.7607361963190185,0.0
José Luis Gayà,Spain ,65.13157894736842,37.89473684210526,17.763157894736842,2.3684210526315788,0.0,0.0,0.0,0.0,46.184210526315795,142.10526315789474,46.184210526315795,3.552631578947368,1.1842105263157894,1.1842105263157894
João Félix,Portugal ,67.5,30.0,45.0,5.0,2.5,2.5,2.5,0.0,50.0,337.5,235.0,10.0,7.5,0.0
João Moutinho,Portugal,73.05194805194805,47.92207792207792,21.038961038961038,0.0,0.0,0.5844155844155845,0.5844155844155845,0.0,51.42857142857142,162.46753246753246,75.3896103896104,4.090909090909091,1.168831168831169,0.0
João Palhinha,Portugal,53.85245901639344,39.0983606557377,8.852459016393443,1.4754098360655739,1.4754098360655739,1.4754098360655739,1.4754098360655739,0.7377049180327869,38.36065573770492,202.86885245901638,79.67213114754098,5.163934426229508,0.7377049180327869,0.0
Joël Veltman,Netherlands,240.0,90.0,30.0,0.0,0.0,0.0,0.0,0.0,150.0,840.0,0.0,0.0,0.0,0.0
Joško Gvardiol,Croatia,64.8780487804878,34.390243902439025,13.658536585365853,1.2195121951219512,1.4634146341463417,2.4390243902439024,1.7073170731707317,0.0,41.707317073170735,263.4146341463415,179.02439024390245,7.560975609756097,1.7073170731707317,0.4878048780487805
Jude Bellingham,England ,55.862068965517246,27.931034482758623,15.517241379310345,3.103448275862069,3.103448275862069,6.206896551724138,4.655172413793103,0.0,48.103448275862064,94.6551724137931,31.03448275862069,1.5517241379310345,1.5517241379310345,0.0
Jukka Raitala,Finland,41.26482213438735,15.652173913043478,9.24901185770751,0.0,0.7114624505928854,1.4229249011857708,0.7114624505928854,0.0,27.39130434782609,89.64426877470356,48.73517786561265,1.4229249011857708,0.0,0.0
Jules Koundé,France ,55.00000000000001,30.0,15.0,0.0,0.0,0.0,0.0,0.0,37.0,112.0,68.0,6.0,2.0,0.0
Julian Baumgartlinger,Austria,180.0,90.0,0.0,0.0,0.0,0.0,0.0,0.0,180.0,90.0,90.0,0.0,0.0,0.0
Juraj Kucka,Slovakia,55.333333333333336,31.333333333333332,8.0,2.0,0.6666666666666667,1.6666666666666665,1.0,0.0,28.333333333333336,128.66666666666666,77.66666666666666,2.666666666666667,0.6666666666666667,0.0
Jurrien Timber,Netherlands,82.3943661971831,49.43661971830986,14.577464788732396,1.267605633802817,1.267605633802817,3.1690140845070425,1.9014084507042253,0.6338028169014085,62.112676056338024,282.67605633802816,159.08450704225353,5.070422535211268,1.9014084507042253,0.0
Ján Greguš,Slovakia ,90.0,0.0,0.0,0.0,0.0,0.0,0.0,0.0,0.0,0.0,0.0,0.0,0.0,0.0
Kaan Ayhan,Turkey,73.5,44.5,6.499999999999999,1.5,0.5,1.0,0.5,0.0,51.5,195.99999999999997,108.5,3.0,1.0,0.0
Kacper Kozłowski,Poland ,46.666666666666664,25.0,15.0,1.6666666666666665,3.333333333333333,8.333333333333332,3.333333333333333,0.0,31.666666666666668,188.33333333333334,138.33333333333331,5.0,1.6666666666666665,0.0
Kai Havertz,Germany ,48.438538205980066,19.13621262458472,29.900332225913623,6.578073089700998,0.5980066445182725,2.39202657807309,0.5980066445182725,0.0,35.880398671096344,197.64119601328903,103.75415282392025,8.073089700996679,2.990033222591362,1.7940199335548173
Kalvin Phillips,England,53.70283018867924,35.02358490566038,11.037735849056604,0.8490566037735848,0.2122641509433962,0.6367924528301887,0.2122641509433962,0.0,33.11320754716981,134.1509433962264,51.58018867924528,1.6981132075471697,1.2735849056603774,0.0
Kamil Glik,Poland ,58.333333333333336,31.333333333333332,1.6666666666666665,1.0,0.0,0.0,0.0,0.0,28.0,122.66666666666666,74.0,1.0,0.0,0.0
Kamil Jóźwiak,Poland ,62.625,28.5,33.0,1.125,1.125,3.75,1.125,0.0,42.75,291.375,160.5,7.874999999999999,2.625,0.0
Karim Benzema,France,45.0,22.109826589595375,22.89017341040462,5.46242774566474,1.5606936416184969,3.3815028901734108,1.5606936416184969,0.26011560693641617,32.51445086705203,145.40462427745663,55.66473988439306,3.6416184971098264,0.7803468208092484,1.0404624277456647
Karim Onisiwo,Austria ,64.28571428571429,38.57142857142857,12.857142857142856,12.857142857142856,0.0,0.0,0.0,0.0,25.71428571428571,0.0,0.0,0.0,0.0,0.0
Karol Linetty,Poland ,51.26582278481013,20.50632911392405,30.759493670886076,4.556962025316456,2.278481012658228,2.278481012658228,2.278481012658228,0.0,33.037974683544306,210.7594936708861,131.0126582278481,11.39240506329114,4.556962025316456,0.0
Karol Świderski,Poland ,27.05521472392638,12.699386503067483,12.699386503067483,4.41717791411043,1.6564417177914113,2.208588957055215,1.6564417177914113,0.0,18.220858895705522,63.49693251533743,41.41104294478528,2.208588957055215,0.5521472392638037,0.5521472392638037
Kasper Dolberg,Denmark ,38.734177215189874,18.79746835443038,17.658227848101266,5.1265822784810124,1.139240506329114,2.278481012658228,1.139240506329114,0.0,23.354430379746834,86.0126582278481,34.17721518987342,3.4177215189873418,1.139240506329114,0.569620253164557
Kasper Schmeichel,Denmark ,25.6,0.2,0.0,0.0,0.0,0.0,0.0,0.0,14.6,61.8,36.0,0.0,0.0,0.0
Kenan Karaman,Turkey,30.9375,14.625,11.8125,3.9374999999999996,0.0,0.0,0.0,0.0,19.6875,61.875,23.625,0.5625,0.0,0.0
Kevin De Bruyne,Belgium ,70.40590405904058,34.87084870848709,34.87084870848709,2.3247232472324724,1.9926199261992619,3.321033210332103,2.3247232472324724,0.33210332103321033,54.464944649446494,292.25092250922506,188.9667896678967,9.96309963099631,4.317343173431735,0.33210332103321033
Kevin Mbabu,Switzerland,55.83333333333333,29.583333333333336,15.416666666666668,3.75,1.25,2.5,1.25,0.41666666666666663,31.666666666666668,179.58333333333334,128.33333333333331,5.0,1.6666666666666665,0.41666666666666663
Kevin Nisbet,Scotland ,56.25,37.5,18.75,3.75,3.75,3.75,3.75,0.0,22.5,75.0,3.75,0.0,0.0,0.0
Kevin Varga,Hungary ,82.5,52.5,7.5,7.5,0.0,7.5,7.5,0.0,22.5,75.0,22.5,7.5,0.0,7.5
Kevin Volland,Germany ,82.5,45.0,45.0,15.0,0.0,0.0,0.0,0.0,30.0,180.0,0.0,0.0,0.0,0.0
Kieffer Moore,Wales,30.312500000000004,14.6875,11.562499999999998,3.4375000000000004,0.0,0.3125,0.0,0.0,13.125,40.3125,14.6875,0.9375,0.0,0.0
Kieran Tierney,Scotland ,51.99999999999999,27.500000000000004,8.0,0.5,0.0,0.0,0.0,0.0,33.0,180.5,111.5,3.5,1.0,0.0
Kieran Trippier,England,73.39805825242718,43.25242718446602,17.9126213592233,0.0,0.4368932038834951,0.4368932038834951,0.4368932038834951,0.0,45.87378640776699,108.78640776699028,61.601941747572816,2.1844660194174756,0.0,0.0
Kingsley Coman,France,55.00000000000001,23.0,32.0,10.0,2.0,6.0,2.0,0.0,43.0,251.99999999999997,159.0,8.0,2.0,5.0
Kire Ristevski,North Macedonia ,135.0,60.0,0.0,0.0,0.0,0.0,0.0,0.0,120.0,1065.0,465.0,15.0,0.0,0.0
Koke,Spain,95.29411764705883,54.9264705882353,35.73529411764706,2.2058823529411766,0.22058823529411764,0.4411764705882353,0.22058823529411764,0.0,63.529411764705884,198.08823529411765,85.58823529411764,5.073529411764706,0.4411764705882353,0.0
Konrad Laimer,Austria ,41.08108108108108,21.62162162162162,15.675675675675675,2.1621621621621623,1.0810810810810811,2.1621621621621623,1.0810810810810811,0.2702702702702703,30.270270270270274,183.51351351351352,114.5945945945946,4.0540540540540535,2.4324324324324325,0.2702702702702703
Kristoffer Olsson,Sweden ,50.89285714285714,31.33928571428571,13.660714285714285,0.26785714285714285,0.8035714285714285,1.0714285714285714,0.8035714285714285,0.0,34.285714285714285,190.44642857142856,95.35714285714286,2.9464285714285716,1.0714285714285714,0.26785714285714285
Kyle Walker,England ,71.0,41.75,13.5,0.0,0.0,0.0,0.0,0.0,48.75,241.24999999999997,110.00000000000001,3.5,2.0,0.0
Kylian Mbappé,France,38.769230769230774,14.307692307692307,26.30769230769231,7.153846153846153,2.769230769230769,6.0,3.0,0.46153846153846156,33.92307692307692,172.3846153846154,102.6923076923077,6.923076923076923,2.076923076923077,2.076923076923077
Lassi Lappalainen,Finland,45.0,16.875,33.75,5.625,0.0,0.0,0.0,0.0,33.75,309.375,258.75,0.0,5.625,0.0
Leander Dendoncker,Belgium ,65.83892617449665,43.48993288590604,9.664429530201343,0.6040268456375839,0.6040268456375839,1.2080536912751678,0.6040268456375839,0.0,44.09395973154363,219.26174496644293,82.75167785234899,6.040268456375839,0.0,0.0
Leandro Trossard,Belgium ,83.91891891891892,27.972972972972972,34.054054054054056,3.6486486486486487,0.0,0.0,0.0,0.0,49.86486486486486,360.0,233.51351351351352,2.4324324324324325,1.2162162162162162,1.2162162162162162
Leo Väisänen,Finland ,90.0,0.0,0.0,0.0,0.0,0.0,0.0,0.0,0.0,0.0,0.0,0.0,0.0,0.0
Leon Goretzka,Germany ,55.53191489361702,35.1063829787234,15.319148936170212,4.468085106382979,0.6382978723404256,1.2765957446808511,0.6382978723404256,0.0,37.02127659574468,300.63829787234044,209.36170212765956,7.0212765957446805,2.5531914893617023,0.6382978723404256
Leonardo Bonucci,Italy ,67.44827586206897,33.93103448275862,0.8275862068965517,0.6206896551724138,0.41379310344827586,0.41379310344827586,0.41379310344827586,0.0,45.310344827586206,243.1034482758621,143.79310344827584,3.103448275862069,0.20689655172413793,0.0
Leonardo Spinazzola,Italy ,62.38095238095238,26.666666666666664,27.857142857142858,3.8095238095238093,2.142857142857143,3.8095238095238093,2.142857142857143,0.0,42.142857142857146,288.5714285714286,195.7142857142857,9.285714285714285,2.8571428571428568,2.619047619047619
Leroy Sané,Germany ,64.73684210526316,15.0,51.31578947368421,3.1578947368421053,3.9473684210526314,5.526315789473684,3.9473684210526314,1.5789473684210527,58.42105263157895,264.4736842105263,112.10526315789474,6.315789473684211,1.5789473684210527,1.5789473684210527
Liam Cooper,Scotland,95.0,45.0,2.0,1.0,1.0,2.0,1.0,0.0,53.0,260.0,125.0,1.0,0.0,0.0
Lorenzo Insigne,Italy ,77.56756756756756,26.756756756756758,51.621621621621614,6.486486486486487,1.0810810810810811,2.4324324324324325,1.0810810810810811,0.2702702702702703,55.945945945945944,261.0810810810811,156.75675675675677,7.837837837837838,2.7027027027027026,2.1621621621621623
Loris Benito,Switzerland,90.0,75.0,45.0,0.0,0.0,0.0,0.0,0.0,45.0,45.0,45.0,0.0,15.0,0.0
Louis Schaub,Austria ,54.0,12.0,42.0,6.0,0.0,0.0,0.0,0.0,30.0,84.0,18.0,0.0,6.0,0.0
Loïc Nego,Hungary,36.69902912621359,18.349514563106794,7.427184466019418,0.0,0.4368932038834951,0.8737864077669902,0.4368932038834951,0.0,18.349514563106794,138.05825242718447,86.94174757281553,2.621359223300971,0.8737864077669902,0.0
Lucas Digne,France ,73.125,31.875,33.75,1.875,0.0,0.9375,0.0,0.0,34.6875,184.6875,100.3125,3.75,1.875,0.0
Lucas Hernández,France ,62.666666666666664,34.0,8.666666666666666,0.6666666666666667,0.0,1.3333333333333335,0.0,0.0,40.666666666666664,105.33333333333333,40.0,2.0,1.3333333333333335,0.0
Ludwig Augustinsson,Sweden ,40.48710601719198,17.02005730659026,11.604584527220629,1.2893982808022924,0.0,0.25787965616045844,0.0,0.0,18.05157593123209,84.32664756446991,37.392550143266476,2.0630372492836675,0.25787965616045844,0.0
Luka Ivanušec,Croatia,47.014925373134325,26.865671641791042,13.432835820895521,6.716417910447761,2.6865671641791042,4.029850746268656,2.6865671641791042,0.0,34.92537313432836,208.20895522388057,108.80597014925372,6.716417910447761,0.0,4.029850746268656
Luka Modrić,Croatia,75.19582245430809,46.76240208877285,14.33420365535248,1.1749347258485638,1.4099216710182767,2.1148825065274153,1.4099216710182767,0.4699738903394256,56.63185378590079,285.27415143603133,126.8929503916449,6.8146214099216715,0.7049608355091384,0.2349869451697128
Luke Shaw,England,70.59880239520957,38.80239520958084,22.634730538922156,1.6167664670658681,0.2694610778443114,0.2694610778443114,0.2694610778443114,0.0,45.26946107784431,231.4670658682635,141.19760479041915,5.928143712574851,2.155688622754491,0.0
Lukáš Haraslín,Slovakia,31.499999999999996,14.0,11.0,4.5,1.5,2.5,1.5,0.0,21.0,73.5,35.0,3.0,1.0,0.5
Lukáš Hrádecký,Finland,42.66666666666667,0.0,0.0,0.0,0.0,0.0,0.0,0.0,17.0,116.00000000000001,59.33333333333333,0.0,0.0,0.0
Lukáš Masopust,Czech Republic,44.01253918495298,17.492163009404386,20.031347962382444,1.974921630094044,1.128526645768025,2.25705329153605,1.4106583072100312,0.28213166144200624,31.03448275862069,137.39811912225707,77.58620689655172,2.8213166144200623,0.5642633228840125,0.5642633228840125
Luuk de Jong,Netherlands,105.0,67.5,22.5,7.5,0.0,0.0,0.0,0.0,52.5,135.0,30.0,0.0,0.0,0.0
Lyndon Dykes,Scotland ,27.906976744186046,11.162790697674419,15.348837209302326,4.186046511627907,0.0,0.0,0.0,0.0,8.372093023255815,26.511627906976745,4.883720930232558,0.3488372093023256,0.0,0.0
László Bénes,Slovakia,90.0,48.0,36.0,0.0,0.0,0.0,0.0,0.0,66.0,264.0,108.0,6.0,0.0,0.0
László Kleinheisler,Hungary,38.25910931174089,22.22672064777328,5.101214574898785,0.728744939271255,2.1862348178137654,2.5506072874493926,2.1862348178137654,0.0,27.692307692307693,156.31578947368422,78.34008097165992,2.91497975708502,0.728744939271255,0.0
Maarten Stekelenburg,Netherlands,36.0,0.0,0.0,0.0,0.0,0.0,0.0,0.0,22.75,78.25,38.0,0.0,0.0,0.0
Maciej Rybus,Poland,62.87671232876713,23.424657534246574,32.054794520547944,2.4657534246575343,0.0,0.0,0.0,0.0,34.52054794520548,202.1917808219178,55.47945205479452,2.4657534246575343,0.0,0.0
Magomed Ozdoyev,Russia,54.0,24.857142857142858,19.714285714285715,1.7142857142857144,0.0,0.8571428571428572,0.0,0.0,30.42857142857143,173.14285714285714,63.85714285714286,3.428571428571429,2.142857142857143,0.0
Maksim Mukhin,Russia,43.44827586206897,27.931034482758623,7.758620689655173,0.0,0.0,0.0,0.0,0.0,24.82758620689655,228.10344827586206,71.37931034482759,6.206896551724138,0.0,0.0
Manuel Akanji,Switzerland,61.05882352941177,28.588235294117645,2.1176470588235294,1.0588235294117647,0.3529411764705882,0.3529411764705882,0.3529411764705882,0.0,36.0,275.82352941176475,155.64705882352942,4.764705882352941,0.7058823529411764,0.0
Manuel Locatelli,Italy ,61.98113207547169,36.08490566037736,21.650943396226417,2.1226415094339623,0.4245283018867924,0.8490566037735848,0.4245283018867924,0.0,39.905660377358494,119.71698113207547,61.556603773584904,3.3962264150943393,0.8490566037735848,0.0
Manuel Neuer,Germany ,36.25,1.25,0.0,0.0,0.0,0.0,0.0,0.0,21.75,106.0,50.0,0.0,0.0,0.0
Marcel Halstenberg,Germany ,48.214285714285715,16.071428571428573,9.642857142857142,3.214285714285714,0.0,0.0,0.0,0.0,16.071428571428573,73.92857142857143,6.428571428571428,0.0,0.0,0.0
Marcel Sabitzer,Austria ,65.3076923076923,36.46153846153846,25.846153846153843,2.5384615384615383,0.6923076923076923,1.8461538461538463,0.6923076923076923,0.0,47.53846153846154,258.0,129.0,7.153846153846153,2.769230769230769,0.9230769230769231
Marcelo Brozović,Croatia,74.41696113074205,46.113074204947,7.95053003533569,0.0,0.0,0.0,0.0,0.0,56.28975265017668,251.87279151943463,91.59010600706713,2.862190812720848,0.6360424028268551,0.0
Marco Verratti,Italy ,123.40611353711792,70.74235807860262,43.62445414847162,3.1441048034934496,1.5720524017467248,3.1441048034934496,1.5720524017467248,0.0,99.03930131004365,387.51091703056767,218.51528384279476,11.790393013100436,3.930131004366812,1.1790393013100435
Marcos Llorente,Spain,111.75355450236967,49.90521327014218,59.28909952606635,5.545023696682464,0.8530805687203792,2.9857819905213274,1.7061611374407584,0.0,90.42654028436019,452.5592417061611,296.87203791469193,11.94312796208531,7.677725118483413,0.4265402843601896
Marcus Berg,Sweden ,29.325842696629216,13.651685393258427,12.134831460674157,2.0224719101123596,0.0,0.5056179775280899,0.0,0.0,14.662921348314608,40.44943820224719,12.134831460674157,1.0112359550561798,0.0,0.0
Marcus Danielsson,Sweden ,51.84782608695652,28.61413043478261,2.2010869565217392,0.9782608695652174,0.24456521739130435,0.24456521739130435,0.24456521739130435,0.0,27.39130434782609,131.08695652173913,77.52717391304348,3.9130434782608696,0.4891304347826087,0.0
Marcus Forss,Finland,45.0,22.5,22.5,11.25,0.0,11.25,0.0,0.0,33.75,258.75,0.0,0.0,0.0,0.0
Marcus Rashford,England,47.58620689655173,23.793103448275865,23.793103448275865,2.0689655172413794,4.137931034482759,7.241379310344827,4.137931034482759,2.0689655172413794,35.17241379310345,111.72413793103449,72.41379310344827,4.137931034482759,1.0344827586206897,0.0
Marcus Thuram,France,54.0,18.0,36.0,9.0,9.0,18.0,9.0,0.0,54.0,702.0,612.0,18.0,9.0,9.0
Marek Hamšík,Slovakia,57.17647058823529,37.76470588235294,11.647058823529413,1.7647058823529411,0.3529411764705882,0.3529411764705882,0.3529411764705882,0.0,40.94117647058823,148.58823529411765,75.17647058823529,3.176470588235294,1.0588235294117647,0.3529411764705882
Mario Gavranović,Switzerland,28.451612903225804,15.67741935483871,9.870967741935484,3.4838709677419355,1.1612903225806452,2.3225806451612905,1.1612903225806452,0.0,19.741935483870968,64.45161290322581,27.29032258064516,2.903225806451613,0.0,1.1612903225806452
Mario Pašalić,Croatia ,54.375,35.625,18.75,7.5,0.0,0.0,0.0,0.0,26.25,196.875,136.875,7.5,3.75,0.0
Marko Arnautović,Austria ,38.15668202764977,19.90783410138249,18.663594470046082,4.56221198156682,2.903225806451613,3.3179723502304146,2.903225806451613,0.0,26.12903225806452,145.16129032258064,47.69585253456221,1.6589861751152073,0.4147465437788018,0.4147465437788018
Marlos,Ukraine ,47.43243243243243,20.675675675675677,21.891891891891895,1.2162162162162162,0.0,1.2162162162162162,0.0,0.0,27.972972972972972,231.08108108108107,167.83783783783784,6.081081081081082,2.4324324324324325,1.2162162162162162
Marten de Roon,Netherlands,65.48936170212767,42.51063829787234,10.72340425531915,0.3829787234042553,0.0,0.3829787234042553,0.0,0.0,42.8936170212766,130.2127659574468,49.787234042553195,3.0638297872340425,0.0,0.0
Martin Braithwaite,Denmark ,44.7972972972973,17.027027027027028,26.35135135135135,6.6891891891891895,1.2162162162162162,2.635135135135135,1.6216216216216217,0.20270270270270271,30.60810810810811,187.70270270270268,121.82432432432432,5.878378378378378,1.2162162162162162,2.22972972972973
Martin Dúbravka,Slovakia,43.0,0.33333333333333337,0.0,0.0,0.0,0.0,0.0,0.0,20.0,57.666666666666664,23.333333333333332,0.0,0.0,0.0
Martin Hinteregger,Austria ,69.23076923076924,43.15384615384615,5.3076923076923075,0.6923076923076923,0.0,0.23076923076923078,0.0,0.0,41.769230769230774,292.15384615384613,167.76923076923077,5.076923076923077,1.6153846153846152,0.0
Martin Koscelník,Slovakia ,51.17647058823529,22.058823529411764,15.0,1.7647058823529411,1.7647058823529411,2.6470588235294117,2.6470588235294117,0.0,37.05882352941176,128.8235294117647,60.0,3.5294117647058822,0.0,0.0
Mason Mount,England,51.99999999999999,26.333333333333332,25.0,3.0,0.6666666666666667,1.6666666666666665,0.6666666666666667,0.33333333333333337,35.0,173.0,102.0,4.666666666666667,2.3333333333333335,0.33333333333333337
Mateo Kovačić,Croatia,66.5680473372781,45.532544378698226,14.112426035502958,1.0650887573964496,2.9289940828402368,3.7278106508875744,3.195266272189349,0.0,55.11834319526628,355.4733727810651,201.5680473372781,6.923076923076923,2.662721893491124,0.5325443786982248
Mateusz Klich,Poland ,59.142857142857146,27.857142857142858,25.285714285714285,0.8571428571428572,0.0,0.0,0.0,0.0,37.285714285714285,166.2857142857143,58.714285714285715,1.7142857142857144,1.2857142857142856,0.0
Mathias Jensen,Denmark ,98.76106194690264,43.80530973451327,51.769911504424776,1.592920353982301,1.592920353982301,2.3893805309734515,1.592920353982301,0.0,68.49557522123894,318.5840707964602,157.6991150442478,8.761061946902656,3.185840707964602,0.0
Mats Hummels,Germany ,96.77710843373494,60.722891566265055,6.234939759036145,1.6265060240963856,0.0,0.0,0.0,0.0,63.704819277108435,375.1807228915663,233.4036144578313,11.656626506024097,1.0843373493975905,0.0
Matteo Pessina,Italy,40.96551724137931,16.137931034482758,20.482758620689655,5.586206896551724,2.4827586206896552,3.103448275862069,2.4827586206896552,0.0,25.448275862068968,173.79310344827587,103.65517241379311,3.7241379310344827,1.8620689655172413,0.0
Matthias Ginter,Germany ,85.55232558139535,49.18604651162791,16.22093023255814,0.7848837209302325,0.5232558139534884,0.5232558139534884,0.5232558139534884,0.0,64.62209302325581,278.8953488372093,141.0174418604651,7.063953488372093,2.0930232558139537,0.0
Matthijs de Ligt,Netherlands,62.727272727272734,28.441558441558442,1.5584415584415585,1.168831168831169,0.38961038961038963,0.38961038961038963,0.38961038961038963,0.0,39.74025974025974,215.84415584415584,116.4935064935065,1.5584415584415585,0.0,0.0
Matvei Safonov,Russia,30.0,0.0,0.0,0.0,0.0,0.0,0.0,0.0,11.0,68.0,46.0,0.0,0.0,0.0
Matěj Vydra,Czech Republic,40.26315789473684,23.684210526315788,18.94736842105263,2.3684210526315788,4.7368421052631575,7.105263157894736,4.7368421052631575,0.0,28.421052631578945,111.31578947368422,45.0,4.7368421052631575,0.0,0.0
Memphis Depay,Netherlands,63.13846153846154,27.692307692307693,37.10769230769231,6.369230769230769,2.2153846153846155,3.876923076923077,2.2153846153846155,0.5538461538461539,44.86153846153846,177.5076923076923,101.35384615384615,6.092307692307692,2.769230769230769,1.3846153846153846
Merih Demiral,Turkey,70.8,30.400000000000002,2.8,2.0,0.0,0.0,0.0,0.0,41.2,204.4,87.60000000000001,0.8,0.4,0.0
Mert Müldür,Turkey,68.53211009174312,28.89908256880734,31.376146788990827,5.779816513761468,2.4770642201834865,3.302752293577982,2.4770642201834865,0.0,43.76146788990826,166.78899082568807,126.3302752293578,6.605504587155964,1.651376146788991,0.8256880733944955
Michael Gregoritsch,Austria,35.50458715596331,16.51376146788991,16.51376146788991,4.954128440366973,0.0,0.0,0.0,0.0,19.816513761467892,55.32110091743119,29.724770642201836,0.8256880733944955,0.8256880733944955,0.0
Michal Krmenčík,Czech Republic,26.865671641791042,12.08955223880597,14.776119402985074,9.402985074626866,0.0,0.0,0.0,0.0,16.119402985074625,40.298507462686565,28.208955223880597,2.6865671641791042,0.0,0.0
Michal Sadílek,Czech Republic ,90.0,90.0,0.0,0.0,0.0,0.0,0.0,0.0,90.0,90.0,90.0,0.0,0.0,0.0
Michal Ďuriš,Slovakia,35.357142857142854,17.678571428571427,11.25,1.607142857142857,0.0,1.607142857142857,0.0,0.0,20.892857142857142,40.17857142857143,16.071428571428573,0.0,0.0,0.0
Michy Batshuayi,Belgium ,102.0,72.0,42.0,0.0,12.0,12.0,12.0,0.0,66.0,330.0,228.0,0.0,0.0,0.0
Mikael Lustig,Sweden ,59.52076677316294,31.916932907348244,13.801916932907348,2.300319488817891,0.2875399361022364,0.2875399361022364,0.2875399361022364,0.0,33.35463258785942,146.35782747603832,57.22044728434505,1.7252396166134185,0.5750798722044728,0.0
Mikel Oyarzabal,Spain,78.06122448979592,25.71428571428571,52.3469387755102,11.020408163265305,4.591836734693878,4.591836734693878,4.591836734693878,0.0,56.02040816326531,303.0612244897959,180.91836734693877,13.775510204081632,0.9183673469387754,1.8367346938775508
Mikkel Damsgaard,Denmark ,53.16602316602317,27.104247104247104,25.366795366795365,3.8223938223938223,2.0849420849420848,4.1698841698841695,2.0849420849420848,0.0,43.43629343629343,195.98455598455598,118.14671814671814,7.644787644787645,2.77992277992278,1.0424710424710424
Milan Ristovski,North Macedonia ,0.0,0.0,0.0,0.0,0.0,0.0,0.0,0.0,0.0,0.0,0.0,0.0,0.0,0.0
Milan Škriniar,Slovakia,69.66666666666666,24.666666666666668,1.0,0.33333333333333337,0.33333333333333337,0.6666666666666667,0.33333333333333337,0.0,45.666666666666664,148.66666666666669,49.666666666666664,0.0,0.0,0.0
Mislav Oršić,Croatia,38.333333333333336,16.666666666666664,23.333333333333332,11.666666666666666,1.6666666666666665,1.6666666666666665,1.6666666666666665,0.0,30.0,176.66666666666669,136.66666666666669,10.0,3.333333333333333,3.333333333333333
Moussa Sissoko,France,48.64864864864865,26.756756756756758,24.324324324324326,2.4324324324324325,2.4324324324324325,2.4324324324324325,2.4324324324324325,0.0,34.054054054054056,226.21621621621622,126.4864864864865,14.594594594594595,2.4324324324324325,0.0
Mykola Matviyenko,Ukraine ,82.125,44.625,2.25,0.0,0.375,0.375,0.375,0.0,57.56249999999999,389.0625,236.0625,7.125,0.9375,0.0
Mykola Shaparenko,Ukraine ,74.01869158878505,51.30841121495327,15.981308411214952,0.5607476635514018,0.2803738317757009,0.2803738317757009,0.2803738317757009,0.0,55.23364485981308,359.7196261682243,210.8411214953271,8.69158878504673,3.08411214953271,0.0
Mário Fernandes,Russia,44.34146341463415,21.073170731707318,11.853658536585366,0.8780487804878049,0.0,0.43902439024390244,0.0,0.0,20.195121951219512,98.34146341463415,46.09756097560976,2.1951219512195124,0.8780487804878049,0.0
N'Golo Kanté,France,69.6923076923077,45.0,13.615384615384615,0.23076923076923078,0.9230769230769231,2.5384615384615383,1.6153846153846152,0.23076923076923078,45.69230769230769,192.0,85.61538461538461,3.6923076923076925,1.1538461538461537,0.0
Nacer Chadli,Belgium,78.51063829787235,28.72340425531915,44.04255319148936,3.829787234042553,0.0,0.0,0.0,0.0,51.70212765957447,299.6808510638298,191.48936170212767,10.53191489361702,1.9148936170212765,0.9574468085106382
Nathan Aké,Netherlands,63.333333333333336,43.33333333333333,10.0,0.0,0.0,0.0,0.0,0.0,50.0,300.0,155.0,8.333333333333332,1.6666666666666665,0.0
Nathan Patterson,Scotland ,167.14285714285714,102.85714285714285,38.57142857142857,0.0,0.0,12.857142857142856,0.0,0.0,77.14285714285714,514.2857142857143,411.4285714285714,25.71428571428571,12.857142857142856,0.0
Neco Williams,Wales,57.81021897810219,32.18978102189781,16.423357664233578,0.656934306569343,0.656934306569343,0.656934306569343,0.656934306569343,0.0,36.78832116788321,211.53284671532847,136.64233576642334,9.197080291970803,2.627737226277372,0.0
Nemanja Nikolić,Hungary,31.764705882352942,18.52941176470588,7.9411764705882355,0.0,0.0,1.3235294117647058,0.0,0.0,17.205882352941174,13.23529411764706,0.0,0.0,0.0,0.0
Nico Elvedi,Switzerland,52.411764705882355,24.705882352941178,3.176470588235294,0.5294117647058824,0.1764705882352941,0.1764705882352941,0.1764705882352941,0.0,33.0,202.05882352941177,114.35294117647058,4.588235294117647,1.0588235294117647,0.0
Nicolai Boilesen,Denmark ,38.57142857142857,19.285714285714285,19.285714285714285,6.428571428571428,0.0,0.0,0.0,0.0,12.857142857142856,32.142857142857146,12.857142857142856,0.0,0.0,0.0
Nicolò Barella,Italy ,59.90963855421686,28.73493975903614,30.09036144578313,1.897590361445783,0.8132530120481928,2.168674698795181,1.0843373493975905,0.0,47.43975903614458,228.52409638554218,134.7289156626506,5.421686746987952,2.4397590361445785,0.0
Niklas Süle,Germany ,45.0,15.0,0.0,0.0,0.0,0.0,0.0,0.0,30.0,315.0,55.00000000000001,0.0,0.0,0.0
Nikola Vlašić,Croatia,35.02463054187192,15.073891625615763,21.2807881773399,4.433497536945813,3.5467980295566504,3.9901477832512318,3.5467980295566504,0.0,33.251231527093594,186.20689655172416,82.9064039408867,4.876847290640394,3.103448275862069,0.4433497536945813
Nikolai Alho,Finland,42.857142857142854,17.142857142857142,25.71428571428571,8.571428571428571,0.0,0.0,0.0,0.0,25.71428571428571,338.57142857142856,188.57142857142858,12.857142857142856,8.571428571428571,0.0
Nélson Semedo,Portugal,66.62790697674419,39.06976744186046,21.27906976744186,0.6976744186046512,1.744186046511628,3.13953488372093,2.0930232558139537,0.0,46.74418604651163,214.1860465116279,115.46511627906978,6.27906976744186,1.3953488372093024,0.3488372093023256
Okay Yokuşlu,Turkey,64.8529411764706,31.764705882352942,2.6470588235294117,0.0,1.3235294117647058,1.9852941176470589,1.3235294117647058,0.0,41.029411764705884,139.63235294117646,84.04411764705883,1.9852941176470589,0.0,0.0
Oleksandr Karavayev,Ukraine ,65.25,30.0,18.375,2.8125,0.1875,0.5625,0.1875,0.0,37.125,209.625,136.875,5.812500000000001,1.6875,0.375
Oleksandr Zinchenko,Ukraine ,64.6875,31.125,23.8125,1.5,0.5625,0.9375,0.75,0.0,40.6875,242.8125,118.31250000000001,4.5,2.0625,0.1875
Oleksandr Zubkov,Ukraine ,37.5,22.5,7.5,7.5,7.5,7.5,7.5,0.0,37.5,225.0,120.0,0.0,0.0,0.0
Olivier Giroud,France,36.42857142857143,17.142857142857142,19.285714285714285,8.571428571428571,0.0,0.0,0.0,0.0,10.714285714285714,4.285714285714286,4.285714285714286,0.0,0.0,0.0
Ondrej Duda,Slovakia,47.00892857142858,27.72321428571429,13.258928571428571,2.4107142857142856,1.607142857142857,2.0089285714285716,2.0089285714285716,0.0,30.9375,128.57142857142858,52.63392857142858,3.214285714285714,0.40178571428571425,0.8035714285714285
Ondřej Čelůstka,Czech Republic,47.759433962264154,23.349056603773583,2.1226415094339623,0.2122641509433962,0.0,0.0,0.0,0.0,27.59433962264151,146.03773584905662,71.95754716981132,2.1226415094339623,0.6367924528301887,0.0
Orkun Kökçü,Turkey ,73.63636363636364,57.27272727272727,32.72727272727273,0.0,0.0,0.0,0.0,0.0,57.27272727272727,376.3636363636364,229.0909090909091,16.363636363636363,8.181818181818182,0.0
Ousmane Dembélé,France,46.45161290322581,17.419354838709676,37.74193548387097,2.903225806451613,0.0,2.903225806451613,0.0,0.0,43.54838709677419,490.64516129032256,391.9354838709677,23.225806451612904,8.709677419354838,2.903225806451613
Owen Wijndal,Netherlands,50.943396226415096,10.18867924528302,27.169811320754715,1.6981132075471697,0.0,0.0,0.0,0.0,27.169811320754715,171.50943396226415,96.79245283018868,3.3962264150943393,0.0,0.0
Ozan Tufan,Turkey,51.57894736842105,37.368421052631575,6.315789473684211,0.5263157894736842,0.5263157894736842,1.0526315789473684,0.5263157894736842,0.0,40.0,175.78947368421052,88.94736842105263,5.789473684210526,0.5263157894736842,0.0
Pablo Sarabia,Spain,65.09881422924902,22.766798418972332,41.97628458498024,9.24901185770751,0.0,1.4229249011857708,0.0,0.0,45.17786561264822,206.67984189723322,109.20948616600792,6.758893280632411,0.0,1.4229249011857708
Patrick van Aanholt,Netherlands,60.909090909090914,27.878787878787875,24.84848484848485,2.7272727272727275,0.30303030303030304,0.30303030303030304,0.30303030303030304,0.0,39.39393939393939,198.4848484848485,80.30303030303031,4.242424242424242,3.0303030303030303,0.30303030303030304
Patrik Hrošovský,Slovakia ,55.89473684210527,38.8421052631579,5.684210526315789,0.0,0.9473684210526315,0.9473684210526315,0.9473684210526315,0.0,45.473684210526315,134.52631578947367,68.21052631578948,2.8421052631578947,0.9473684210526315,0.0
Patrik Schick,Czech Republic,33.75,16.65,16.2,4.725,1.3499999999999999,1.8,1.3499999999999999,0.0,19.8,85.725,39.15,2.25,1.125,0.45
Pau Torres,Spain,110.38674033149171,78.56353591160222,3.9779005524861875,0.7458563535911602,0.24861878453038672,0.24861878453038672,0.24861878453038672,0.0,84.2817679558011,494.7513812154696,320.4696132596685,12.430939226519337,1.4917127071823204,0.0
Paul Pogba,France,79.2,53.760000000000005,18.72,1.44,2.16,2.88,2.16,0.24,64.32000000000001,275.52,144.24,5.52,1.6800000000000002,0.0
Paulus Arajuuri,Finland,41.666666666666664,14.333333333333334,1.0,0.33333333333333337,0.0,0.0,0.0,0.0,18.666666666666668,85.33333333333334,50.66666666666667,0.6666666666666667,0.0,0.0
Pavel Kadeřábek,Czech Republic ,60.0,37.0,10.0,1.0,0.0,1.0,0.0,0.0,35.0,243.00000000000003,135.0,3.0,1.0,0.0
Paweł Dawidowicz,Poland ,30.0,0.0,0.0,0.0,0.0,0.0,0.0,0.0,0.0,0.0,0.0,0.0,0.0,0.0
Pedri,Spain,80.25590551181102,47.30314960629921,35.43307086614173,1.2401574803149606,0.5314960629921259,1.4173228346456692,0.5314960629921259,0.0,61.476377952755904,308.7992125984252,156.96850393700788,9.921259842519685,4.606299212598425,0.17716535433070865
Pepe,Portugal,76.75,47.75,2.25,0.75,0.25,0.25,0.25,0.0,57.0,277.25,145.25,4.0,0.25,0.0
Peter Pekarík,Slovakia,66.72413793103449,33.75,8.14655172413793,0.7758620689655172,0.0,0.3879310344827586,0.0,0.0,36.46551724137931,199.39655172413794,117.54310344827587,4.267241379310344,0.7758620689655172,0.0
Petr Ševčík,Czech Republic,50.921052631578945,25.263157894736842,20.92105263157895,1.5789473684210527,0.39473684210526316,0.39473684210526316,0.39473684210526316,0.0,34.73684210526316,174.47368421052633,77.36842105263158,4.7368421052631575,1.1842105263157894,0.0
Phil Foden,England,44.31818181818182,19.09090909090909,22.5,4.7727272727272725,1.3636363636363638,3.409090909090909,1.3636363636363638,0.0,31.363636363636367,131.5909090909091,59.31818181818181,4.090909090909091,0.6818181818181819,2.0454545454545454
Philipp Lienhart,Austria,76.15384615384615,43.269230769230774,8.653846153846155,0.0,0.0,0.0,0.0,0.0,57.11538461538461,495.0,290.7692307692308,10.384615384615385,5.1923076923076925,0.0
Pierre Bengtsson,Sweden ,41.25,11.25,11.25,3.75,0.0,0.0,0.0,0.0,22.5,195.0,86.25,3.75,1.875,1.875
Pierre Højbjerg,Denmark ,75.2,53.0,15.799999999999999,1.0,1.6,2.2,1.6,0.0,59.0,284.8,144.39999999999998,8.0,2.4000000000000004,0.2
Piotr Zieliński,Poland ,57.95454545454545,26.590909090909093,27.954545454545453,3.75,0.6818181818181819,1.3636363636363638,0.6818181818181819,0.0,29.659090909090907,210.34090909090907,111.13636363636364,6.818181818181818,2.3863636363636362,1.3636363636363638
Presnel Kimpembe,France,71.07692307692308,45.46153846153846,2.3076923076923075,0.0,0.23076923076923078,0.46153846153846156,0.23076923076923078,0.0,52.61538461538462,240.0,129.0,3.2307692307692304,0.46153846153846156,0.0
Przemysław Frankowski,Poland ,57.17647058823529,15.882352941176471,37.05882352941176,5.294117647058823,0.0,0.0,0.0,0.0,38.11764705882353,280.5882352941176,199.05882352941177,9.529411764705882,2.1176470588235294,1.0588235294117647
Przemysław Płacheta,Poland ,103.84615384615384,27.692307692307693,69.23076923076924,20.76923076923077,0.0,6.923076923076923,0.0,0.0,96.92307692307692,394.61538461538464,180.0,13.846153846153847,6.923076923076923,0.0
Pyry Soiri,Finland,84.375,33.75,16.875,0.0,0.0,5.625,0.0,0.0,73.125,466.875,247.5,22.5,5.625,0.0
Péter Gulácsi,Hungary,37.333333333333336,0.0,0.0,0.0,0.0,0.0,0.0,0.0,16.333333333333336,57.333333333333336,28.333333333333336,0.0,0.0,0.0
Quincy Promes,Netherlands,71.69491525423729,24.406779661016948,50.33898305084745,6.101694915254237,1.5254237288135593,3.0508474576271185,1.5254237288135593,0.0,54.91525423728814,208.98305084745763,152.54237288135593,7.627118644067796,4.576271186440678,3.0508474576271185
Rafa Silva,Portugal ,79.81132075471699,35.66037735849057,45.84905660377358,5.09433962264151,0.0,1.6981132075471697,0.0,1.6981132075471697,56.0377358490566,207.16981132075472,112.0754716981132,6.792452830188679,0.0,1.6981132075471697
Rafael Tolói,Italy ,67.5,38.57142857142857,17.678571428571427,3.214285714285714,0.0,0.0,0.0,0.0,41.785714285714285,167.14285714285714,90.0,4.821428571428571,1.607142857142857,0.0
Raheem Sterling,England,42.63157894736842,21.20300751879699,22.105263157894736,4.7368421052631575,2.2556390977443606,3.834586466165413,2.2556390977443606,0.22556390977443608,37.44360902255639,163.7593984962406,89.77443609022556,6.090225563909774,1.3533834586466165,0.9022556390977443
Raphaël Guerreiro,Portugal,75.25,37.75,23.75,1.25,0.75,1.0,0.75,0.0,49.50000000000001,245.25,157.25,6.0,2.0,0.0
Raphaël Varane,France,73.61538461538461,46.153846153846146,2.076923076923077,0.46153846153846156,0.23076923076923078,0.23076923076923078,0.23076923076923078,0.0,53.76923076923077,312.2307692307692,173.0769230769231,4.615384615384615,0.6923076923076923,0.0
Rasmus Schüller,Finland,55.752212389380524,25.486725663716815,9.557522123893806,0.0,0.0,0.0,0.0,0.0,26.283185840707965,74.86725663716814,22.300884955752213,0.0,0.7964601769911505,0.0
Reece James,England,92.0,57.0,25.999999999999996,2.0,0.0,0.0,0.0,0.0,69.0,319.0,209.00000000000003,10.0,3.0,0.0
Remo Freuler,Switzerland,58.03921568627451,35.490196078431374,10.588235294117647,0.7843137254901962,0.5882352941176471,0.5882352941176471,0.5882352941176471,0.0,36.86274509803922,172.3529411764706,73.72549019607844,3.7254901960784315,0.5882352941176471,0.19607843137254904
Renato Sanches,Portugal,91.23287671232877,61.23287671232877,22.191780821917806,0.410958904109589,2.4657534246575343,3.698630136986301,2.8767123287671232,0.0,75.20547945205479,339.45205479452056,182.46575342465755,9.863013698630137,2.4657534246575343,0.0
Ricardo Rodríguez,Switzerland,60.69327731092437,33.84453781512605,15.693277310924369,0.37815126050420167,0.7563025210084033,0.7563025210084033,0.7563025210084033,0.0,35.73529411764706,214.41176470588235,124.22268907563026,6.050420168067227,1.5126050420168067,0.0
Rifat Zhemaletdinov,Russia,45.0,31.499999999999996,12.0,3.0,0.0,1.5,1.5,0.0,34.5,154.5,96.0,7.5,3.0,1.5
Robert Lewandowski,Poland ,34.333333333333336,14.666666666666668,19.333333333333332,6.666666666666666,0.0,0.33333333333333337,0.0,0.0,18.666666666666668,152.66666666666666,85.33333333333334,3.666666666666667,1.6666666666666665,0.33333333333333337
Robin Gosens,Germany ,62.46056782334385,20.157728706624606,29.810725552050474,3.406940063091483,0.0,0.5678233438485805,0.0,0.0,38.04416403785489,143.94321766561515,60.75709779179811,3.9747634069400632,1.419558359621451,0.0
Robin Lod,Finland,48.847583643122675,23.754646840148702,15.390334572490707,1.3382899628252787,0.33457249070631967,3.011152416356877,1.003717472118959,0.33457249070631967,33.79182156133829,155.57620817843866,72.26765799256506,1.6728624535315986,1.6728624535315986,0.6691449814126393
Robin Olsen,Sweden ,31.615384615384613,0.0,0.0,0.0,0.0,0.0,0.0,0.0,11.538461538461537,63.230769230769226,34.38461538461538,0.0,0.0,0.0
Robin Quaison,Sweden ,24.09448818897638,14.173228346456693,7.795275590551181,2.1259842519685037,1.4173228346456692,2.8346456692913384,1.4173228346456692,0.0,14.173228346456693,35.43307086614173,11.338582677165354,0.7086614173228346,0.7086614173228346,0.7086614173228346
Rodri,Spain,87.95454545454545,53.69318181818181,21.477272727272727,2.5568181818181817,0.0,0.0,0.0,0.0,53.18181818181819,173.86363636363637,72.10227272727273,2.5568181818181817,0.5113636363636364,0.0
Roland Sallai,Hungary,27.374999999999996,13.875,10.875,1.125,1.125,2.25,1.125,0.0,19.125,167.625,92.24999999999999,4.875,1.125,0.375
Roland Varga,Hungary,90.0,60.0,30.0,0.0,0.0,0.0,0.0,0.0,60.0,600.0,30.0,0.0,0.0,0.0
Roman Bezus,Ukraine ,90.0,22.5,45.0,0.0,0.0,0.0,0.0,0.0,22.5,202.5,157.5,22.5,0.0,0.0
Roman Yaremchuk,Ukraine ,32.72727272727273,16.783216783216783,15.944055944055943,6.083916083916084,0.4195804195804196,1.2587412587412588,0.6293706293706294,0.2097902097902098,20.13986013986014,89.16083916083916,43.00699300699301,1.8881118881118881,0.8391608391608392,1.2587412587412588
Roman Zobnin,Russia,54.6694214876033,34.214876033057855,12.644628099173554,0.371900826446281,0.0,0.371900826446281,0.0,0.0,33.099173553719005,193.01652892561984,88.51239669421489,3.347107438016529,1.487603305785124,0.0
Romelu Lukaku,Belgium ,27.020316027088032,12.189616252821672,15.846501128668171,5.485327313769752,1.8284424379232505,3.047404063205418,1.8284424379232505,0.0,20.51918735891648,83.29571106094808,52.82167042889391,2.234762979683973,0.8126410835214446,1.2189616252821671
Ruben Vargas,Switzerland,49.76470588235294,19.058823529411764,22.764705882352942,4.764705882352941,0.5294117647058824,3.176470588235294,0.5294117647058824,0.5294117647058824,33.88235294117647,202.23529411764707,100.58823529411765,5.294117647058823,0.5294117647058824,2.1176470588235294
Rui Patrício,Portugal,27.500000000000004,0.0,0.25,0.0,0.0,0.0,0.0,0.0,12.0,65.25,12.999999999999998,0.0,0.0,0.0
Ruslan Malinovskyi,Ukraine ,53.23943661971831,25.35211267605634,24.08450704225352,2.852112676056338,1.267605633802817,2.2183098591549295,1.267605633802817,0.6338028169014085,37.7112676056338,231.02112676056336,138.48591549295776,6.02112676056338,3.1690140845070425,0.0
Ryan Christie,Scotland,32.0,16.0,18.0,2.0,6.0,8.0,6.0,4.0,25.999999999999996,102.0,14.0,0.0,0.0,0.0
Ryan Fraser,Scotland ,51.99999999999999,22.0,36.0,6.0,0.0,0.0,0.0,0.0,40.0,398.0,302.0,12.0,6.0,2.0
Ryan Gravenberch,Netherlands ,97.57009345794391,54.67289719626168,37.00934579439252,4.205607476635514,2.5233644859813085,3.364485981308411,2.5233644859813085,0.8411214953271028,73.17757009345794,372.61682242990656,212.803738317757,12.616822429906541,4.205607476635514,0.8411214953271028
Róbert Mak,Slovakia,34.04347826086956,18.39130434782609,11.739130434782608,2.3478260869565215,1.565217391304348,2.739130434782609,1.565217391304348,0.391304347826087,25.82608695652174,142.04347826086956,63.78260869565217,3.130434782608696,0.391304347826087,1.1739130434782608
Rúben Dias,Portugal,87.75,46.75000000000001,1.75,1.0,0.0,0.0,0.0,0.0,58.75,301.0,168.0,3.5,0.0,0.0
Rúben Neves,Portugal,47.368421052631575,37.89473684210526,4.7368421052631575,0.0,0.0,0.0,0.0,0.0,37.89473684210526,161.05263157894737,80.52631578947368,4.7368421052631575,0.0,0.0
Salvatore Sirigu,Italy,45.0,0.0,0.0,0.0,0.0,0.0,0.0,0.0,0.0,0.0,0.0,0.0,0.0,0.0
Sasa Kalajdzic,Austria ,46.60714285714286,20.089285714285715,25.71428571428571,8.839285714285714,2.4107142857142856,4.017857142857143,2.4107142857142856,0.8035714285714285,31.33928571428571,126.16071428571428,49.01785714285714,3.214285714285714,0.8035714285714285,0.0
Scott McKenna,Scotland ,35.689655172413794,18.620689655172413,3.103448275862069,1.5517241379310345,0.0,0.0,0.0,0.0,18.620689655172413,69.82758620689656,12.413793103448276,0.0,0.0,0.0
Scott McTominay,Scotland ,53.0,33.33333333333333,5.666666666666666,1.6666666666666665,1.0,2.3333333333333335,1.6666666666666665,0.0,36.0,245.33333333333331,151.0,4.666666666666667,1.6666666666666665,0.0
Seb Larsson,Sweden ,43.52459016393443,19.42622950819672,15.737704918032787,0.9836065573770492,0.2459016393442623,0.4918032786885246,0.2459016393442623,0.0,20.16393442622951,81.39344262295081,30.0,1.9672131147540983,0.7377049180327869,0.4918032786885246
Serge Gnabry,Germany ,39.036144578313255,17.34939759036145,21.686746987951807,5.0602409638554215,1.8072289156626506,3.253012048192771,2.5301204819277108,0.36144578313253006,26.02409638554217,115.66265060240964,56.024096385542165,3.253012048192771,1.0843373493975905,0.36144578313253006
Sergio Busquets,Spain ,85.97938144329898,64.63917525773196,15.773195876288659,1.2371134020618557,0.6185567010309279,0.6185567010309279,0.6185567010309279,0.0,53.1958762886598,170.10309278350516,90.61855670103093,5.257731958762887,1.8556701030927836,0.0
Serhiy Kryvtsov,Ukraine,67.20779220779221,32.72727272727273,0.0,0.0,0.0,0.0,0.0,0.0,52.59740259740259,255.38961038961037,107.53246753246754,1.168831168831169,0.0,0.0
Serhiy Sydorchuk,Ukraine ,52.25806451612904,35.564516129032256,6.53225806451613,0.967741935483871,0.967741935483871,0.967741935483871,0.967741935483871,0.24193548387096775,37.74193548387097,195.0,83.46774193548387,2.6612903225806455,0.0,0.24193548387096775
Silvan Widmer,Switzerland,57.244897959183675,28.775510204081634,15.612244897959183,2.4489795918367347,0.30612244897959184,0.30612244897959184,0.30612244897959184,0.0,37.95918367346939,148.16326530612244,61.83673469387755,2.7551020408163263,1.5306122448979593,0.0
Simon Kjær,Denmark ,56.91176470588235,30.88235294117647,2.2058823529411766,1.3235294117647058,0.0,0.0,0.0,0.0,34.85294117647059,159.48529411764704,72.13235294117648,1.9852941176470589,0.22058823529411764,0.0
Stanislav Lobotka,Slovakia,50.0,32.0,0.0,0.0,2.0,2.0,2.0,0.0,44.0,234.0,44.0,0.0,0.0,0.0
Stefan Ilsanker,Austria ,60.0,40.0,3.333333333333333,0.0,0.0,0.0,0.0,0.0,30.0,123.33333333333334,56.66666666666667,3.333333333333333,0.0,0.0
Stefan Lainer,Austria ,73.31592689295039,30.783289817232376,23.028720626631856,3.0548302872062667,0.7049608355091384,1.8798955613577024,0.7049608355091384,0.0,39.007832898172325,146.39686684073106,80.83550913838121,3.9947780678851172,1.6449086161879896,0.7049608355091384
Stefan Ristovski,North Macedonia,67.33333333333333,27.0,12.999999999999998,0.33333333333333337,0.33333333333333337,0.33333333333333337,0.33333333333333337,0.0,42.333333333333336,197.33333333333334,95.66666666666666,4.0,1.3333333333333335,0.0
Stefan Spirovski,North Macedonia ,34.0,22.0,6.0,0.0,0.0,0.0,0.0,0.0,22.0,134.0,56.0,6.0,0.0,0.0
Stefan de Vrij,Netherlands,64.0,37.714285714285715,4.285714285714286,0.5714285714285714,0.2857142857142857,0.5714285714285714,0.5714285714285714,0.0,42.285714285714285,244.85714285714286,122.28571428571429,2.8571428571428568,1.4285714285714284,0.0
Stephen O'Donnell,Scotland ,48.047808764940235,21.155378486055778,16.49402390438247,1.4342629482071714,0.0,0.0,0.0,0.0,25.099601593625497,114.02390438247012,36.57370517928287,1.4342629482071714,0.35856573705179284,0.0
Steven Berghuis,Netherlands,72.0,39.27272727272727,31.09090909090909,4.909090909090909,0.0,1.6363636363636362,0.0,0.0,40.90909090909091,202.9090909090909,65.45454545454545,4.909090909090909,1.6363636363636362,1.6363636363636362
Steven Zuber,Switzerland,52.92253521126761,24.71830985915493,24.71830985915493,5.387323943661971,0.9507042253521126,1.9014084507042253,0.9507042253521126,0.0,38.978873239436616,221.19718309859155,133.09859154929578,5.704225352112676,2.2183098591549295,0.9507042253521126
Stole Dimitrievski,North Macedonia,39.0,0.0,0.0,0.0,0.33333333333333337,0.33333333333333337,0.33333333333333337,0.0,18.0,113.66666666666667,56.33333333333333,0.0,0.0,0.0
Stuart Armstrong,Scotland ,48.6,30.0,19.200000000000003,1.8,0.6000000000000001,1.2000000000000002,0.6000000000000001,0.0,34.8,250.79999999999998,131.4,4.800000000000001,3.6,0.0
Szabolcs Schön,Hungary ,21.0,18.0,6.0,0.0,6.0,6.0,6.0,0.0,18.0,108.0,24.0,3.0,0.0,0.0
Sérgio Oliveira,Portugal,140.625,61.875,73.125,0.0,0.0,0.0,0.0,0.0,112.5,776.25,540.0,16.875,11.25,0.0
Tamás Cseri,Hungary,22.5,16.875,0.0,0.0,0.0,5.625,0.0,0.0,16.875,123.75,22.5,0.0,0.0,0.0
Taras Stepanenko,Ukraine ,58.69565217391305,36.19565217391305,6.358695652173912,0.0,0.0,0.0,0.0,0.0,32.28260869565217,91.46739130434783,42.06521739130435,0.9782608695652174,0.4891304347826087,0.0
Teemu Pukki,Finland,24.95798319327731,12.478991596638656,12.100840336134453,3.781512605042017,2.26890756302521,2.6470588235294117,2.26890756302521,0.0,20.04201680672269,67.3109243697479,31.764705882352942,1.5126050420168067,0.37815126050420167,0.0
Thiago Alcántara,Spain,144.33962264150944,96.79245283018868,37.35849056603774,3.3962264150943393,0.0,0.0,0.0,0.0,98.49056603773585,438.11320754716985,202.07547169811323,8.49056603773585,1.6981132075471697,0.0
Thibaut Courtois,Belgium ,35.8,0.2,0.0,0.0,0.2,0.2,0.2,0.0,15.399999999999999,80.2,29.8,0.0,0.0,0.0
Thomas Delaney,Denmark ,60.81081081081081,34.2972972972973,19.216216216216218,3.891891891891892,0.24324324324324326,0.4864864864864865,0.24324324324324326,0.0,40.13513513513514,115.2972972972973,44.513513513513516,2.675675675675676,0.4864864864864865,0.4864864864864865
Thomas Lemar,France ,157.5,112.5,67.5,0.0,0.0,0.0,0.0,0.0,157.5,1057.5,585.0,45.0,22.5,0.0
Thomas Meunier,Belgium ,72.7659574468085,32.5531914893617,20.516717325227965,1.3677811550151977,1.094224924012158,2.188449848024316,1.641337386018237,0.0,44.3161094224924,215.2887537993921,114.34650455927051,4.376899696048632,1.9148936170212765,0.0
Thomas Müller,Germany ,55.78767123287672,24.65753424657534,31.13013698630137,4.623287671232877,0.9246575342465753,0.9246575342465753,0.9246575342465753,0.0,32.97945205479452,107.87671232876711,69.96575342465754,4.315068493150685,2.1575342465753424,0.0
Thomas Vermaelen,Belgium ,68.52631578947368,42.0,6.315789473684211,0.631578947368421,0.0,0.3157894736842105,0.0,0.0,44.526315789473685,241.26315789473682,106.10526315789473,4.7368421052631575,2.210526315789474,0.0
Thorgan Hazard,Belgium ,80.69832402234637,43.74301675977654,17.849162011173185,2.2625698324022347,0.7541899441340782,0.7541899441340782,0.7541899441340782,0.25139664804469275,51.28491620111731,208.659217877095,104.3296089385475,4.5251396648044695,0.5027932960893855,0.7541899441340782
Tihomir Kostadinov,North Macedonia,48.6,34.2,1.8,0.0,0.0,0.0,0.0,0.0,25.200000000000003,109.8,77.4,5.3999999999999995,0.0,0.0
Tim Sparv,Finland,52.10526315789474,29.774436090225564,2.0300751879699246,0.0,0.0,0.0,0.0,0.0,37.21804511278195,135.33834586466165,52.78195488721804,0.6766917293233082,0.0,0.0
Timo Werner,Germany ,36.666666666666664,13.333333333333332,22.5,5.0,0.0,0.8333333333333333,0.0,0.0,19.166666666666668,73.33333333333333,29.166666666666668,1.6666666666666665,1.6666666666666665,0.8333333333333333
Timothy Castagne,Belgium,41.53846153846154,27.692307692307693,6.923076923076923,0.0,0.0,0.0,0.0,0.0,27.692307692307693,65.76923076923076,31.153846153846153,0.0,0.0,0.0
Toby Alderweireld,Belgium ,84.0,51.5,3.75,0.5,0.0,0.25,0.25,0.0,61.5,271.0,135.5,7.0,1.25,0.0
Tomáš Holeš,Czech Republic,50.43624161073826,28.691275167785232,8.456375838926174,1.5100671140939597,0.6040268456375839,0.6040268456375839,0.6040268456375839,0.0,25.671140939597315,114.76510067114093,61.91275167785234,2.7181208053691277,1.2080536912751678,0.30201342281879195
Tomáš Hubočan,Slovakia,55.77946768060836,28.06083650190114,5.817490494296578,0.34220532319391633,0.34220532319391633,0.34220532319391633,0.34220532319391633,0.0,30.114068441064635,165.62737642585552,80.41825095057034,2.3954372623574143,0.34220532319391633,0.0
Tomáš Kalas,Czech Republic,51.6,23.0,1.0,0.6000000000000001,0.2,0.2,0.2,0.0,29.4,128.4,67.2,2.6,0.2,0.0
Tomáš Pekhart,Czech Republic,33.75,22.5,11.25,5.625,0.0,0.0,0.0,0.0,5.625,39.375,11.25,5.625,0.0,5.625
Tomáš Souček,Czech Republic,56.400000000000006,35.0,11.2,2.6,0.4,0.4,0.4,0.0,34.8,226.0,95.6,4.2,2.0,0.0
Tomáš Suslov,Slovakia,31.153846153846153,17.30769230769231,17.30769230769231,0.0,3.4615384615384617,10.384615384615385,3.4615384615384617,0.0,31.153846153846153,183.46153846153845,90.0,3.4615384615384617,3.4615384615384617,0.0
Tomáš Vaclík,Czech Republic,33.0,0.4,0.0,0.0,0.0,0.0,0.0,0.0,15.600000000000001,88.2,41.8,0.0,0.0,0.0
Toni Kroos,Germany ,109.75000000000001,77.25,25.999999999999996,1.75,0.5,1.0,0.5,0.0,82.25,361.5,183.5,10.75,4.25,0.5
Tyler Roberts,Wales,34.61538461538462,6.923076923076923,27.692307692307693,0.0,0.0,0.0,0.0,0.0,20.76923076923077,193.84615384615384,20.76923076923077,0.0,0.0,0.0
Tymoteusz Puchacz,Poland ,50.328947368421055,24.276315789473685,20.13157894736842,1.1842105263157894,1.776315789473684,4.144736842105263,1.776315789473684,0.0,30.19736842105263,266.44736842105266,158.0921052631579,4.7368421052631575,3.552631578947368,0.0
Tyrone Mings,England,70.78125,34.6875,1.875,1.40625,0.0,0.0,0.0,0.0,50.15625,273.28125,97.96875,1.40625,0.0,0.0
Umut Meraş,Turkey,49.192546583850934,25.71428571428571,7.826086956521739,0.5590062111801242,0.5590062111801242,0.5590062111801242,0.5590062111801242,0.0,28.509316770186334,99.50310559006212,65.40372670807454,2.2360248447204967,1.6770186335403727,0.0
Unai Simón,Spain,31.058823529411764,0.5294117647058824,0.0,0.0,0.0,0.0,0.0,0.0,20.11764705882353,59.294117647058826,20.470588235294116,0.0,0.0,0.0
Uğurcan Çakır,Turkey,40.0,0.0,0.0,0.0,0.0,0.0,0.0,0.0,13.333333333333332,51.99999999999999,35.333333333333336,0.0,0.0,0.0
Valentino Lazaro,Austria ,68.57142857142857,25.71428571428571,38.57142857142857,0.0,0.0,0.0,0.0,0.0,60.0,248.57142857142856,64.28571428571429,4.285714285714286,0.0,0.0
Victor Lindelöf,Sweden ,59.53846153846154,32.53846153846154,3.923076923076923,0.6923076923076923,0.46153846153846156,0.46153846153846156,0.46153846153846156,0.0,38.07692307692307,342.0,174.46153846153845,3.4615384615384617,0.23076923076923078,0.0
Viktor Claesson,Sweden ,35.581395348837205,11.511627906976745,13.604651162790697,4.186046511627907,0.0,0.0,0.0,0.0,11.511627906976745,57.55813953488372,33.48837209302326,0.0,0.0,0.0
Viktor Tsyhankov,Ukraine,54.50704225352112,30.422535211267604,27.25352112676056,4.436619718309859,0.0,0.6338028169014085,0.0,0.6338028169014085,42.46478873239437,247.81690140845072,136.26760563380282,10.140845070422536,4.436619718309859,1.9014084507042253
Visar Musliu,North Macedonia,45.84905660377358,19.358490566037737,1.0188679245283019,0.6792452830188679,0.0,0.0,0.0,0.0,22.754716981132077,134.1509433962264,61.471698113207545,2.0377358490566038,0.0,0.33962264150943394
Vitaliy Mykolenko,Ukraine ,65.84745762711864,30.0,14.237288135593221,1.0169491525423728,0.0,0.7627118644067796,0.0,0.2542372881355932,38.898305084745765,142.1186440677966,70.9322033898305,2.288135593220339,0.5084745762711864,0.2542372881355932
Vladimír Coufal,Czech Republic,78.8,36.800000000000004,22.0,0.8,1.6,2.0,1.8,0.0,44.0,243.79999999999998,131.4,5.3999999999999995,1.8,0.0
Vladimír Darida,Czech Republic,53.198380566801625,26.963562753036438,23.31983805668016,1.8218623481781377,0.3643724696356275,1.0931174089068827,0.3643724696356275,0.0,38.25910931174089,202.2267206477733,84.53441295546558,3.6437246963562755,1.45748987854251,0.3643724696356275
Vladimír Weiss,Slovakia,70.0,52.5,17.5,0.0,0.0,2.5,0.0,0.0,62.5,442.5,190.0,7.5,0.0,0.0
Vlatko Stojanovski,North Macedonia,27.692307692307693,13.846153846153847,13.846153846153847,6.923076923076923,0.0,0.0,0.0,0.0,6.923076923076923,0.0,0.0,0.0,0.0,0.0
Vyacheslav Karavayev,Russia,51.240875912408754,19.05109489051095,20.364963503649633,3.284671532846715,0.0,0.0,0.0,0.0,26.27737226277372,136.64233576642334,71.6058394160584,3.284671532846715,1.313868613138686,0.0
Willi Orban,Hungary,40.666666666666664,9.666666666666666,0.33333333333333337,0.33333333333333337,0.0,0.0,0.0,0.0,18.0,104.33333333333333,45.666666666666664,0.33333333333333337,0.0,0.0
William Carvalho,Portugal ,67.66423357664233,47.956204379562045,11.167883211678832,0.0,0.0,0.0,0.0,0.0,49.27007299270073,232.55474452554745,111.67883211678833,7.226277372262774,1.9708029197080292,0.0
Wojciech Szczęsny,Poland ,24.333333333333332,1.0,0.0,0.0,0.0,0.0,0.0,0.0,10.333333333333334,37.333333333333336,22.333333333333332,0.0,0.0,0.0
Wout Weghorst,Netherlands,33.10880829015544,12.124352331606218,20.51813471502591,7.461139896373057,0.0,0.0,0.0,0.0,20.984455958549223,81.60621761658031,27.979274611398964,2.33160621761658,0.9326424870466321,0.9326424870466321
Xaver Schlager,Austria ,46.59400544959128,27.71117166212534,15.449591280653951,0.24523160762942778,0.7356948228882834,0.7356948228882834,0.7356948228882834,0.0,34.332425068119896,172.39782016348772,103.97820163487738,5.885558583106267,1.7166212534059946,0.0
Xherdan Shaqiri,Switzerland,49.42622950819673,24.590163934426233,24.34426229508197,2.2131147540983607,0.7377049180327869,1.4754098360655739,0.7377049180327869,0.0,33.68852459016394,201.63934426229505,97.62295081967213,5.655737704918033,2.459016393442623,0.2459016393442623
Yann Sommer,Switzerland,34.05882352941176,0.0,0.0,0.0,0.0,0.0,0.0,0.0,13.058823529411766,60.88235294117647,33.0,0.0,0.0,0.0
Yannick Carrasco,Belgium ,45.0,24.1304347826087,24.782608695652176,4.565217391304348,3.2608695652173916,6.521739130434783,3.2608695652173916,0.0,41.086956521739125,217.17391304347828,142.17391304347825,7.17391304347826,2.608695652173913,0.6521739130434783
Yevhen Makarenko,Ukraine,98.49056603773585,62.83018867924528,16.9811320754717,0.0,3.3962264150943393,3.3962264150943393,3.3962264150943393,0.0,78.11320754716981,453.39622641509436,176.60377358490567,6.792452830188679,5.09433962264151,0.0
Youri Tielemans,Belgium ,65.23668639053255,40.20710059171598,12.514792899408283,0.0,1.0650887573964496,1.331360946745562,1.0650887573964496,0.0,50.59171597633136,168.28402366863907,104.37869822485206,4.792899408284024,1.331360946745562,0.0
Yuri Zhirkov,Russia ,40.714285714285715,23.571428571428573,4.285714285714286,0.0,0.0,0.0,0.0,0.0,34.285714285714285,162.85714285714286,75.0,0.0,0.0,0.0
Yussuf Poulsen,Denmark ,41.078838174273855,19.04564315352697,21.286307053941908,5.975103734439834,0.37344398340248963,0.7468879668049793,0.37344398340248963,0.0,24.647302904564317,109.79253112033196,75.4356846473029,3.3609958506224067,0.7468879668049793,0.0
Yusuf Yazıcı,Turkey,52.307692307692314,25.384615384615383,20.76923076923077,0.0,0.0,1.5384615384615385,0.0,0.0,41.53846153846154,233.0769230769231,129.23076923076923,4.615384615384615,2.3076923076923075,0.0
Zeki Çelik,Turkey,65.66666666666667,35.333333333333336,12.333333333333334,1.0,0.6666666666666667,0.6666666666666667,0.6666666666666667,0.0,37.0,161.0,78.66666666666667,4.0,0.6666666666666667,0.33333333333333337
Ádám Nagy,Hungary,45.168539325842694,15.842696629213485,2.0224719101123596,0.0,0.6741573033707865,1.348314606741573,1.0112359550561798,0.0,22.247191011235955,129.1011235955056,78.53932584269663,1.6853932584269664,0.0,0.0
Ádám Szalai,Hungary,37.19387755102041,19.285714285714285,7.346938775510203,1.8367346938775508,1.8367346938775508,2.295918367346939,1.8367346938775508,0.0,28.92857142857143,73.92857142857143,33.52040816326531,0.9183673469387754,0.0,0.0
Álvaro Morata,Spain,44.53846153846154,20.307692307692307,23.76923076923077,7.846153846153846,0.46153846153846156,1.8461538461538463,0.46153846153846156,0.0,27.923076923076923,99.00000000000001,39.23076923076923,2.3076923076923075,0.9230769230769231,0.9230769230769231
Çağlar Söyüncü,Turkey,67.33333333333333,28.333333333333336,2.0,0.33333333333333337,0.0,0.0,0.0,0.0,44.333333333333336,274.33333333333337,162.33333333333334,2.666666666666667,0.0,0.0
İlkay Gündoğan,Germany ,81.36986301369862,62.46575342465753,17.26027397260274,0.821917808219178,0.0,0.0,0.0,0.0,60.821917808219176,263.01369863013696,117.53424657534246,6.164383561643835,1.2328767123287672,0.0
İrfan Kahveci,Turkey,65.30973451327434,39.823008849557525,20.707964601769913,0.0,2.3893805309734515,3.185840707964602,2.3893805309734515,0.7964601769911505,49.38053097345132,230.1769911504425,140.1769911504425,9.557522123893806,3.185840707964602,0.0
Ľubomír Šatka,Slovakia,74.0,24.333333333333332,1.0,0.33333333333333337,0.0,0.0,0.0,0.0,51.0,236.0,147.0,1.3333333333333335,0.33333333333333337,0.0
Šime Vrsaljko,Croatia,71.5,32.5,17.5,0.0,1.5,1.5,1.5,0.5,40.0,126.49999999999999,60.50000000000001,3.0,0.0,0.0
